# Srednie frekwencje, wyciagniete z index.html (wykresy w repo).
# Zrodlo prawdy dla liczb -- policzone z arkusza, nie liczone tutaj.
# Regeneruje: python3 parse_srednie.py
rok	miasto	seria	etykieta	grupa	srednia
1990	DE	dgb	DGB Berlin	union	56667
1990	DE	pds_u	PDS/Ost (1990–94)	union	15500
1990	DE	revo_j	Revo joint (1990–95)	alt	12500
1991	DE	dgb	DGB Berlin	union	10000
1991	DE	revo_j	Revo joint (1990–95)	alt	12667
1992	DE	antinazi	Antinazi	alt	200
1992	DE	dgb	DGB Berlin	union	23000
1992	DE	nazi	Nazi demo	alt	50
1992	DE	pds_u	PDS/Ost (1990–94)	union	6000
1992	DE	revo_j	Revo joint (1990–95)	alt	13500
1993	DE	dgb	DGB Berlin	union	16667
1993	DE	nazi	Nazi demo	alt	100
1993	DE	pds_u	PDS/Ost (1990–94)	union	6000
1993	DE	revo_j	Revo joint (1990–95)	alt	7750
1994	DE	antinazi	Antinazi	alt	450
1994	DE	dgb	DGB Berlin	union	6000
1994	DE	nazi	Nazi demo	alt	5
1994	DE	pds_u	PDS/Ost (1990–94)	union	1000
1994	DE	revo_j	Revo joint (1990–95)	alt	900
1995	DE	dgb	DGB Berlin	union	7400
1995	DE	revo_j	Revo joint (1990–95)	alt	2250
1996	DE	antinazi	Antinazi	alt	40
1996	DE	dgb	DGB Berlin	union	16667
1996	DE	nazi	Nazi demo	alt	350
1996	DE	pds_a	PDS/Ost (1995–02)	alt	2200
1996	DE	revo13	Revolutionäre 13	alt	3000
1996	DE	revo18	Revolutionäre 18	alt	10000
1997	DE	dgb	DGB Berlin	union	9500
1997	DE	pds_a	PDS/Ost (1995–02)	alt	7333
1997	DE	revo13	Revolutionäre 13	alt	2000
1997	DE	revo18	Revolutionäre 18	alt	9000
1998	DE	dgb	DGB Berlin	union	13875
1998	DE	marian	Mariannenplatzfest	fest	1500
1998	DE	pds_a	PDS/Ost (1995–02)	alt	6500
1998	DE	revo13	Revolutionäre 13	alt	1750
1998	DE	revo18	Revolutionäre 18	alt	6667
1999	DE	dgb	DGB Berlin	union	10400
1999	DE	pds_a	PDS/Ost (1995–02)	alt	10000
1999	DE	revo13	Revolutionäre 13	alt	1500
1999	DE	revo18	Revolutionäre 18	alt	14000
2000	DE	antinazi	Antinazi	alt	10000
2000	DE	dgb	DGB Berlin	union	11167
2000	DE	marian	Mariannenplatzfest	fest	5000
2000	DE	nazi	Nazi demo	alt	1000
2000	DE	pds_a	PDS/Ost (1995–02)	alt	3667
2000	DE	revo13	Revolutionäre 13	alt	1500
2000	DE	revo18	Revolutionäre 18	alt	13333
2001	DE	antinazi	Antinazi	alt	475
2001	DE	dgb	DGB Berlin	union	16833
2001	DE	marian	Mariannenplatzfest	fest	5000
2001	DE	nazi	Nazi demo	alt	100
2001	DE	pds_a	PDS/Ost (1995–02)	alt	7250
2001	DE	revo13	Revolutionäre 13	alt	2250
2001	DE	revo18	Revolutionäre 18	alt	5500
2002	DE	antinazi	Antinazi	alt	1000
2002	DE	dgb	DGB Berlin	union	13500
2002	DE	nazi	Nazi demo	alt	700
2002	DE	pds_a	PDS/Ost (1995–02)	alt	2250
2002	DE	revo13	Revolutionäre 13	alt	4000
2002	DE	revo18	Revolutionäre 18	alt	9500
2003	DE	antinazi	Antinazi	alt	250
2003	DE	dgb	DGB Berlin	union	13500
2003	DE	myfest	MyFest Kreuzberg	fest	20000
2003	DE	nazi	Nazi demo	alt	1675
2003	DE	revo13	Revolutionäre 13	alt	6750
2003	DE	revo18	Revolutionäre 18	alt	3500
2004	DE	antinazi	Antinazi	alt	3400
2004	DE	dgb	DGB Berlin	union	18500
2004	DE	myfest	MyFest Kreuzberg	fest	30000
2004	DE	nazi	Nazi demo	alt	2300
2004	DE	revo13	Revolutionäre 13	alt	5000
2004	DE	revo18	Revolutionäre 18	alt	3500
2005	DE	dgb	DGB Berlin	union	10500
2005	DE	myfest	MyFest Kreuzberg	fest	15000
2005	DE	revo13	Revolutionäre 13	alt	500
2005	DE	revo18	Revolutionäre 18	alt	0
2006	DE	dgb	DGB Berlin	union	13500
2006	DE	euro	EuroMayDay	alt	4000
2006	DE	myfest	MyFest Kreuzberg	fest	11000
2006	DE	revo13	Revolutionäre 13	alt	50
2006	DE	revo18	Revolutionäre 18	alt	0
2007	DE	dgb	DGB Berlin	union	10500
2007	DE	euro	EuroMayDay	alt	7000
2007	DE	myfest	MyFest Kreuzberg	fest	16000
2007	DE	revo13	Revolutionäre 13	alt	900
2007	DE	revo18	Revolutionäre 18	alt	7667
2008	DE	dgb	DGB Berlin	union	9125
2008	DE	euro	EuroMayDay	alt	6500
2008	DE	myfest	MyFest Kreuzberg	fest	20000
2008	DE	revo13	Revolutionäre 13	alt	300
2008	DE	revo18	Revolutionäre 18	alt	11000
2009	DE	antinazi	Antinazi	alt	3500
2009	DE	dgb	DGB Berlin	union	13500
2009	DE	euro	EuroMayDay	alt	3500
2009	DE	myfest	MyFest Kreuzberg	fest	35000
2009	DE	nazi	Nazi demo	alt	200
2009	DE	revo13	Revolutionäre 13	alt	300
2009	DE	revo18	Revolutionäre 18	alt	8500
2010	DE	antinazi	Antinazi	alt	10000
2010	DE	dgb	DGB Berlin	union	9750
2010	DE	myfest	MyFest Kreuzberg	fest	29000
2010	DE	nazi	Nazi demo	alt	700
2010	DE	revo13	Revolutionäre 13	alt	50
2010	DE	revo18	Revolutionäre 18	alt	12500
2011	DE	dgb	DGB Berlin	union	11500
2011	DE	myfest	MyFest Kreuzberg	fest	27000
2011	DE	revo18	Revolutionäre 18	alt	11333
2012	DE	dgb	DGB Berlin	union	12625
2012	DE	myfest	MyFest Kreuzberg	fest	29500
2012	DE	revo18	Revolutionäre 18	alt	18500
2013	DE	antinazi	Antinazi	alt	2000
2013	DE	dgb	DGB Berlin	union	9750
2013	DE	myfest	MyFest Kreuzberg	fest	40000
2013	DE	nazi	Nazi demo	alt	300
2013	DE	revo18	Revolutionäre 18	alt	11667
2014	DE	dgb	DGB Berlin	union	8667
2014	DE	myfest	MyFest Kreuzberg	fest	40000
2014	DE	revo18	Revolutionäre 18	alt	22000
2015	DE	antinazi	Antinazi	alt	500
2015	DE	dgb	DGB Berlin	union	15000
2015	DE	myfest	MyFest Kreuzberg	fest	45000
2015	DE	nazi	Nazi demo	alt	50
2015	DE	revo18	Revolutionäre 18	alt	25500
2016	DE	antinazi	Antinazi	alt	900
2016	DE	dgb	DGB Berlin	union	14000
2016	DE	myfest	MyFest Kreuzberg	fest	30000
2016	DE	nazi	Nazi demo	alt	50
2016	DE	revo13	Revolutionäre 13	alt	250
2016	DE	revo18	Revolutionäre 18	alt	16500
2017	DE	antinazi	Antinazi	alt	600
2017	DE	dgb	DGB Berlin	union	14000
2017	DE	myfest	MyFest Kreuzberg	fest	45000
2017	DE	nazi	Nazi demo	alt	50
2017	DE	revo13	Revolutionäre 13	alt	250
2017	DE	revo18	Revolutionäre 18	alt	15000
2018	DE	antinazi	Antinazi	alt	500
2018	DE	dgb	DGB Berlin	union	9500
2018	DE	myfest	MyFest Kreuzberg	fest	52000
2018	DE	nazi	Nazi demo	alt	30
2018	DE	revo13	Revolutionäre 13	alt	200
2018	DE	revo18	Revolutionäre 18	alt	12500
2019	DE	antinazi	Antinazi	alt	500
2019	DE	dgb	DGB Berlin	union	13000
2019	DE	myfest	MyFest Kreuzberg	fest	45000
2019	DE	nazi	Nazi demo	alt	100
2019	DE	revo13	Revolutionäre 13	alt	200
2019	DE	revo18	Revolutionäre 18	alt	10000
1990	PL	anarchi	Anarchists (W8)	left	50
1990	PL	lew_alt	Left alt. (W4)	left	250
1990	PL	opzz	OPZZ/ZZ	union	14250
1991	PL	anarchi	Anarchists (W8)	left	30
1991	PL	opzz	OPZZ/ZZ	union	12500
1991	PL	pps	PPS	left	200
1992	PL	opzz	OPZZ/ZZ	union	24000
1992	PL	pps	PPS	left	200
1993	PL	opzz	OPZZ/ZZ	union	8000
1994	PL	opzz	OPZZ/ZZ	union	3000
1994	PL	pps	PPS	left	100
1995	PL	anarchi	Anarchists (W8)	left	400
1995	PL	opzz	OPZZ/ZZ	union	4500
1995	PL	pps	PPS	left	80
1995	PL	prawica	Right/Nationalists	right	100
1996	PL	anarchi	Anarchists (W8)	left	500
1996	PL	opzz	OPZZ/ZZ	union	4500
1996	PL	pps	PPS	left	100
1997	PL	opzz	OPZZ/ZZ	union	2500
1997	PL	pps	PPS	left	150
1998	PL	opzz	OPZZ/ZZ	union	4000
1998	PL	pps	PPS	left	150
1999	PL	opzz	OPZZ/ZZ	union	9200
1999	PL	pps	PPS	left	150
2000	PL	opzz	OPZZ/ZZ	union	2250
2000	PL	pps	PPS	left	150
2000	PL	prawica	Right/Nationalists	right	50
2001	PL	anarchi	Anarchists (W8)	left	300
2001	PL	opzz	OPZZ/ZZ	union	7500
2001	PL	parada	Equality Parade	other	200
2001	PL	pps	PPS	left	150
2002	PL	lew_alt	Left alt. (W4)	left	200
2002	PL	opzz	OPZZ/ZZ	union	2100
2002	PL	parada	Equality Parade	other	1500
2003	PL	anarchi	Anarchists (W8)	left	300
2003	PL	lew_alt	Left alt. (W4)	left	500
2003	PL	opzz	OPZZ/ZZ	union	3333
2003	PL	parada	Equality Parade	other	3500
2004	PL	lew_alt	Left alt. (W4)	left	200
2004	PL	opzz	OPZZ/ZZ	union	667
2004	PL	prawica	Right/Nationalists	right	2000
2005	PL	lew_alt	Left alt. (W4)	left	300
2005	PL	opzz	OPZZ/ZZ	union	633
2006	PL	lew_alt	Left alt. (W4)	left	250
2006	PL	opzz	OPZZ/ZZ	union	1750
2007	PL	anarchi	Anarchists (W8)	left	80
2007	PL	lew_alt	Left alt. (W4)	left	300
2007	PL	opzz	OPZZ/ZZ	union	1400
2008	PL	anarchi	Anarchists (W8)	left	200
2008	PL	lew_alt	Left alt. (W4)	left	200
2008	PL	opzz	OPZZ/ZZ	union	2167
2009	PL	anarchi	Anarchists (W8)	left	40
2009	PL	lew_alt	Left alt. (W4)	left	300
2009	PL	opzz	OPZZ/ZZ	union	1357
2009	PL	prawica	Right/Nationalists	right	6
2010	PL	lew_alt	Left alt. (W4)	left	150
2010	PL	opzz	OPZZ/ZZ	union	440
2011	PL	lew_alt	Left alt. (W4)	left	150
2011	PL	opzz	OPZZ/ZZ	union	133
2012	PL	anarchi	Anarchists (W8)	left	150
2012	PL	opzz	OPZZ/ZZ	union	11750
2012	PL	prawica	Right/Nationalists	right	500
2013	PL	lew_alt	Left alt. (W4)	left	200
2013	PL	opzz	OPZZ/ZZ	union	20000
2013	PL	prawica	Right/Nationalists	right	500
2014	PL	lew_alt	Left alt. (W4)	left	400
2014	PL	opzz	OPZZ/ZZ	union	7333
2014	PL	prawica	Right/Nationalists	right	450
2015	PL	fest_eu	European Festival	fest	30000
2015	PL	lew_alt	Left alt. (W4)	left	450
2015	PL	prawica	Right/Nationalists	right	250
2016	PL	lew_alt	Left alt. (W4)	left	400
2016	PL	opzz	OPZZ/ZZ	union	3667
2016	PL	prawica	Right/Nationalists	right	150
2017	PL	lew_alt	Left alt. (W4)	left	400
2017	PL	opzz	OPZZ/ZZ	union	650
2018	PL	lew_alt	Left alt. (W4)	left	400
2018	PL	opzz	OPZZ/ZZ	union	775
2018	PL	prawica	Right/Nationalists	right	50
2019	PL	lew_alt	Left alt. (W4)	left	350
2019	PL	prawica	Right/Nationalists	right	3000
