rok,miasto,godzina_od,godzina_do,dzielnica,aktor,sekcja,tekst,grupa,mozliwy_duplikat,odniesienie
1990,DE,19:30,,Wedding,PDS;FDGB,Aufruf zur 1. Mai-Demo in Ostberlin / Wydarzenia,"(BZ 30.04.90) Als Beitrag zur 100jährigen Geschichte des Arbeiterkampftages 1. Mai wurde gestern abend im Heimatmuseum Wedding, Pank-straise 47, eine Ausstellung -„100Jahre Berliner Maifeiern 1890 bis 1990"" eröffnet. Zusammengestellt wurde sie vom „Verein zum Studium sozialer Bewegungen e. V."". Leihgaben stammen aus privaten Beständen, Archiven, Museen, darunter auch aus dem Museum für Deutsche Ge",1990-Wedding-19:30-0,FALSE,DE_1990-2019.md:235
1991,DE,13:00,,Marzahn,,Scenariusz,13:00 - Maibaumklettern vor der FDJS-Geschäftsstelle Alt-Marzahn 64,1991-Marzahn-13:00-0,FALSE,DE_1990-2019.md:845
1991,DE,14:00,,Müggelheim,,Scenariusz,14:00– Maifete w klubie wiejskim w Müggelheim,1991-Müggelheim-14:00-0,FALSE,DE_1990-2019.md:831
1991,DE,14:00,,Hohenschönhausen,,Scenariusz,"14:00-20:00 - Maifest ""von unten"", Zinglster Str/Am Berg Ahornhausen, Hohenschönhausen (mit Kulturprogramm, Kinderfest, Infostände)",1991-Hohenschönhausen-14:00-0,FALSE,DE_1990-2019.md:849
1991,DE,14:00,,Prenzlauer Berg,,Scenariusz,"14:00-20:00 - Tanz unterm Maibaum in Prenzlauer Berg, Kastanienallee 7-9",1991-Prenzlauer Berg-14:00-0,FALSE,DE_1990-2019.md:851
1991,DE,14:30,,Köpenick,,Scenariusz,"14:30-18:00 - Maifeier auf der Schönbörse in Köpenick (mit Kinderfest, Kunsthandwerk, Infos, Gesprächen)",1991-Köpenick-14:30-0,FALSE,DE_1990-2019.md:852
1991,DE,15:00,,Hellersdorf,,Scenariusz,15:00 - Maifeier in Hellersdorf (mit viel Musik),1991-Hellersdorf-15:00-0,FALSE,DE_1990-2019.md:854
1991,DE,15:45,,Kreuzberg,,Prasa / Berliner Zeitung / 2.05.1991,"15:45– na rogu Bänsch i PRoskauer Strasse dochodzi do zamieszek, wywołanych blokadą dojścia w stronę Rigaer Strasse riots/Kreuzberg/1991",1991-Kreuzberg-15:45-0,FALSE,DE_1990-2019.md:1043
1992,DE,13:00,,Kreuzberg,,Events description,13:00 – R1M at Kreuzberg,1992-Kreuzberg-13:00-0,FALSE,DE_1990-2019.md:1398
1992,DE,15:00,,Kreuzberg,FAP,Events description / taz / Krawall in SO 36 FAP-Demo ver­hin­dert,"Opis:: Not many were masked. Slogans about LA riots. Clashes between autonomen and RIM+turiksh communists. No route towards Brandenburg, everything stayed in Kreuzberg. 15:00 – Ernst-Thälmann-Platz FAP demonstration, hindered by autonomen and anti-fassits – only 3 to 5k were there.",1992-Kreuzberg-15:00-0,FALSE,DE_1990-2019.md:1761
1993,DE,10:00,,Mitte,,Scenariusz / 1. Mai,10:00 - Gewerkschaftshaus Mitte,1993-Mitte-10:00-0,FALSE,DE_1990-2019.md:1941
1993,DE,13:00,,Marzahn,PDS,Scenariusz / 1. Mai,"13:00 - PDS Marzahn ""Rot ist der Mai"" Geschäftsstelle Alt-Marzahn 64 Organisiert vom Marzahner Bezirk, ""Einheitskomitee""",1993-Marzahn-13:00-0,TRUE,DE_1990-2019.md:1948
1993,DE,13:00,,Marzahn,PDS,Prasa / taz / Rot ist der Maien — und sehr som­mer­lich,"PDS Marzahn - ""Rot ist der Mai"" ab 13:00 Uhr, Geschäftsstelle Alt-Marzahn 64 Organisiert vom Marzahner Bezirk, ""Einheitskomitee""",1993-Marzahn-13:00-0,TRUE,DE_1990-2019.md:2291
1993,DE,14:00,,Friedrichshain,PDS,Scenariusz / 1. Mai,14:00 - PDS Friedrichshain Verlag des Neuen Deutschland Einladung der Friedrichshainer GenossInnen (Franz-Mehring Platz) PDS festival script,1993-Friedrichshain-14:00-0,TRUE,DE_1990-2019.md:1949
1993,DE,14:00,,Friedrichshain,FAP,Scenariusz / 1. Mai,"14:00 – FAP nazi demonstration in Friedrichshain, attempts of antifascists to block their march",1993-Friedrichshain-14:00-1,FALSE,DE_1990-2019.md:1951
1993,DE,14:00,,Friedrichshain,PDS,Prasa / taz / Rot ist der Maien — und sehr som­mer­lich,"PDS Friedrichshain 14:00 Uhr, Verlag des Neuen Deutschland Einladung der Friedrichshainer GenossInnen",1993-Friedrichshain-14:00-0,TRUE,DE_1990-2019.md:2292
1993,DE,15:00,,Kreuzberg,,Scenariusz / 1. Mai,"15:00-19:00 - Arbeiterwohlfahrt Kreuzberg ""Begegnung der Generationen"" Seniorenheim, Stallschreiberstraße Erwachsenen- und Kinderfest",1993-Kreuzberg-15:00-0,FALSE,DE_1990-2019.md:1952
1994,DE,12:00,,Friedrichshain,PDS,Scenariusz,"Die PDS von Friedrichshain und Lichtenberg begrüßen ihre Gäste ab 12 Uhr vor und im ND-Gebäude am Franz-Mehring-Platz 1. Dabei sind Prof. Dr Christa Luft, der Regisseur Günter Reisch, ein Ensemble aus Wünsdorf, der Ernst-Busch-Chor, Zauberer, Puppenspieler und Musikanten.",1994-Friedrichshain-12:00-0,TRUE,DE_1990-2019.md:2504
1994,DE,12:00,,Friedrichshain,PDS,Scenariusz,"12:00 – PDS z Friedrichshain i Lichtenberg zapraszają do budynku ND na Frank-Mehring Platz. Wśród gości Christa Luft, Günter Reisch, zespół z Wünsdorf i innr atrakcje (nd 27.04)",1994-Friedrichshain-12:00-0,TRUE,DE_1990-2019.md:2530
1994,DE,14:00,,Köpenick,SPD,Scenariusz,"14:00 – Volksfest SPD w Köpenick, Schlosshof SPD i Pankow, Breite Strasse (BZ 28.04.1994)",1994-Köpenick-14:00-0,FALSE,DE_1990-2019.md:2532
1994,DE,18:00,,Hohenschönhausen,SPD;PDS,Scenariusz,"Das „Aktionsbündnis für Soziale Verantwortung“, dem 20 Vereine und Projekte in Hohenschönhausen angehören, veranstaltet ein 1. Mai-Fest zwischen 14 und 18 Uhr im Oberseepark am Wasserturm. Das Motto der Veranstaltung: Statt Wahlkampfschlachten konstruktive Sachpolitik aus sozialem Verantwortungsgefühl. Es werden sich Kandidaten von SPD, PDS, CDU, Bündnis 90/Die Grünen vorstellen, ein Kinderprogram",1994-Hohenschönhausen-18:00-0,FALSE,DE_1990-2019.md:2500
1994,DE,18:00,,Spandau,SPD,Scenariusz,"18:00 Tanz in den Mai SPD, Spandau (BZ 28.04.1994)",1994-Spandau-18:00-0,FALSE,DE_1990-2019.md:2513
1994,DE,20:00,,Prenzlauer Berg,SPD,Scenariusz,"20:00 Tanz in den Mai SPD, Prenzlauer Berg (BZ 28.04.1994)",1994-Prenzlauer Berg-20:00-0,FALSE,DE_1990-2019.md:2518
1995,DE,13:00,,Buch,,Scenariusz,"- 13:00-18:00, Buch, Schloßpark",1995-Buch-13:00-0,FALSE,DE_1990-2019.md:3027
1995,DE,14:00,,Hohenschönhausen,,Scenariusz,"- 14:00-18:00, Hohenschönhausen, Orankeba",1995-Hohenschönhausen-14:00-0,FALSE,DE_1990-2019.md:3028
1997,DE,11:30,,Wannsee,DGB,Scenariusz,- 11:30 – Zentrale Abschlußkundgebung DGB – vor dem Roten Rathaus. (Diepgen sitzt wie immer am 1. Mai mit seiner Mutter auf den Wannsee-Terrassen.),1997-Wannsee-11:30-0,FALSE,DE_1990-2019.md:3925
1997,DE,12:15,,Reinickendorf,SPD;DAG,Scenariusz,In den Bezirken finden verschiedene Mai-Feste statt: Ab 12.15 Uhr treffen sich die SPD-Kreisverbände Reinickendorf und Pankow sowie die DAG im Bürgerpark Pankow. Am Mariannenplatz in Kreuzberg beginnt ab 15 Uhr ein Multikulti-Programm. Auch in Prenzlauer Berg gibt es Straßenfeste ab 10 Uhr am Husemannplatz und ab 11 auf der Kastanienallee. Verschiedene Obdachlosen-Initiativen treffen sich an der S,1997-Reinickendorf-12:15-0,FALSE,DE_1990-2019.md:3942
1997,DE,15:00,,Kreuzberg,PDS,Scenariusz,"- 15:00 – Multikulti-Programm – Mariannenplatz, Kreuzberg, współorganizowany przez PDS – po raz pierwszy",1997-Kreuzberg-15:00-0,FALSE,DE_1990-2019.md:3932
1998,DE,13:00,,Kreuzberg,,Scenariusz,"- 13:00 – Revolutionäre 1.-Mai-Demo, Oranienplatz, Kreuzberg",1998-Kreuzberg-13:00-0,FALSE,DE_1990-2019.md:4093
1998,DE,14:00,,Kreuzberg,,Scenariusz,"- 14:00 – Mariannenplatzfest, Kreuzberg (bis 21 Uhr)",1998-Kreuzberg-14:00-0,FALSE,DE_1990-2019.md:4094
1998,DE,14:00,,Tempelhof,,Scenariusz,"- 14:00 – Fest in der Ufa-Fabrik, Viktoriastraße, Tempelhof",1998-Tempelhof-14:00-0,FALSE,DE_1990-2019.md:4095
1999,DE,14:00,,Kreuzberg,Grüne;PDS,Scenariusz,"- 14:00–21:00 – Mariannenplatzfest, Kreuzberg – protest przeciwko wojnie. Kultura z grupami Yaam i Kreuzberger Musikalische Aktion. Przemawia Kreuzberger Bürgermeister Franz Schulz (Grüne) oraz kampania przeciwko Wehrpflicht. Dołącza się PDS z Christa Luft i Petra Pau z hasłem „Frieden schaffen ohne Waffen!"" SocialistLegacies",1999-Kreuzberg-14:00-0,FALSE,DE_1990-2019.md:4214
1999,DE,16:00,,Schöneberg,DGB;Falken,Scenariusz,"- 16:00 – Weltbürgerfest 1999 – „Die Weiße Rose"", Jugendzentrum w Schöneberg. Organizatorzy: DGB-Jugend i Die Falken. Od 16 grali streetball, od 19 dyskusja na temat „Integration statt Haß und Gewalt"" z udziałem Ausländerbeauftragte des Senats Barbara John i Georgios Tsapanos z Bundesinnenministerium. Od 21 MultiKultiKonzert z bandami Fata Morgana, MephistosRap i DJami.",1999-Schöneberg-16:00-0,FALSE,DE_1990-2019.md:4203
2000,DE,10:00,17:00,Marzahn,PDS,Scenariusz,"10-17 Uhr Kundgebungen der PDS Mar zahn, Allee der Kosmonauten, Alt-Mar zahn, Freizeitforum Marzahn, S-Bahnhöfe Biesdorf, Poelchaustraße, Ahrensfelde",2000-Marzahn-10:00-0,FALSE,DE_1990-2019.md:4354
2000,DE,10:00,,Tempelhof,,Scenariusz,"- 10:00–18:00 – Kinderbauernhof der ufa-fabrik – Victoriastraße, Tempelhof. Zabawa i spędzanie czasu dla rodzin.",2000-Tempelhof-10:00-0,FALSE,DE_1990-2019.md:4365
2000,DE,13:00,18:00,Köpenick,PDS,Scenariusz,"13-18 Uhr PDS-Mai-Fest, Luisenhain, Köpenick",2000-Köpenick-13:00-0,FALSE,DE_1990-2019.md:4358
2000,DE,13:30,,Marzahn,,Scenariusz,"Mit Gregor Gysi gegen 13.30 Uhr und Petra Pau gegen 14 Uhr ab 9 Uhr Kundgebungen der BW Mar zahn, Eisenacher Straße, Wittenberger Straße, Marzahner Promenade, S-Bhf. Marzahn, Mehrower Allee, U-Bhf. Biesdorf-Süd",2000-Marzahn-13:30-0,FALSE,DE_1990-2019.md:4356
2000,DE,14:00,18:00,Treptow,PDS,Scenariusz,"14-18 Uhr, PDS-Mai-Fest, Springborn- Club, Treptow-Johannisthal",2000-Treptow-14:00-0,FALSE,DE_1990-2019.md:4360
2000,DE,18:00,,Hohenschönhausen,,Scenariusz,"11 18 Uhr Bündnisfest, Am Obersee, Hohenschönhausen",2000-Hohenschönhausen-18:00-0,FALSE,DE_1990-2019.md:4357
2001,DE,11:30,,Hohenschönhausen,,Przebieg za B.Z,"11.30 Uhr, Hohenschönhausen, S-Bahnhof Gehrenseestraße",2001-Hohenschönhausen-11:30-0,FALSE,DE_1990-2019.md:4651
2003,DE,10:00,,Charlottenburg,NPD,Scenariusz,"- 10:00 – Kundgebung und Blockaden gegen NPD-Aufmarsch – Theodor-Heuss-Platz, Charlottenburg. Linke und linksradikale Gruppen versuchen den NPD-Marsch zu verhindern durch Kundgebung und Straßenblockaden.",2003-Charlottenburg-10:00-0,FALSE,DE_1990-2019.md:4996
2003,DE,13:30,,Charlottenburg,PDS;DGB;NPD,Prasa / Neues Deutschland,"65 Versammlungen, Demos und Straßenfeste werden rund um den 1. Mai in Berlin stattfinden. Wie PDS-Landeschef Stefan Liebich informierte, verzichte seine Partei auf eine eigene Kundgebung und werde sich an der DGB-Demo beteiligen. Die PDS unterstreiche damit ihren Willen, Sorge zu tragen, »dass es trotz der für das Überleben der Stadt notwendigen Sparmaßnahmen in Berlin insgesamt sozial gerecht zug",2003-Charlottenburg-13:30-0,FALSE,DE_1990-2019.md:5072
2003,DE,14:00,,Neukölln,,Scenariusz,"- 14:00–23:00 – Neuköllner Maientage – Volkspark Hasenheide, Neukölln. Achterbahnen, Autoscooter, Wurstbuden und Livemusik im Festzelt.",2003-Neukölln-14:00-0,FALSE,DE_1990-2019.md:5001
2003,DE,18:30,,Kreuzberg,IG Metall,Kalendarium,"Am Abend wird es vor dem Haus der IG Metall in der Alten Jacobstraße 149 in Berlin-Kreuzberg – Nähe U-Bahnhof Hallesches Tor – ein Konzert geben. Es treten u. a. auf: Hans, der Kleingärtner, die Klaus Renft Combo, gegen 18.30 Uhr, Konstantin Wecker und Band, etwa 19.45 Uhr, Skills en Masse & Germ sowie die Bösen Mädchen. Alle Interessierten sind zum Mitdiskutieren und Zuhören eingeladen @Sprachroh",2003-Kreuzberg-18:30-0,FALSE,DE_1990-2019.md:4950
2004,DE,10:00,,Charlottenburg,DGB,Scenariusz,"| zentraler Veranstaltungsort am 01. Mai 2004 ist Berlin:<br<br <brSTART DEMOZUG <br10.00 Uhr Brandenburger Tor (Platz d. 18. März) <br <brTREFF MOTORRAD-CORSO <br10.00 Uhr Charlottenburg Olympischer Platz <br <brKUNDGEBUNG <br11.30 Uhr Platz vor dem Roten Rathaus <br <brBegrüßung: <brBernd Rissmann, stellvertretender Vorsitzender des DGB Berlin-Brandenburg <br <brGrußwort: <brTony Janssen, Präsid",2004-Charlottenburg-10:00-0,FALSE,DE_1990-2019.md:5164
2004,DE,16:00,,Kreuzberg,,Scenariusz / Berliner Morgenpost / Mai_-Demo führt doch durch Mitte,"Berlin - Die ""Revolutionäre 1.-Mai-Demo"" darf jetzt doch durch die Innenstadt ziehen. Nachdem die Polizei die vom Veranstalter beantragte Route vom Potsdamer Platz über die Leipziger Straße nach Kreuzberg wegen befürchteter Sachbeschädigungen untersagt und eine nur auf Kreuzberg beschränkte Strecke angeboten hatte, kam es jetzt zu einem Kompromiss. Die Demonstranten werden am 1. Mai ab 16 Uhr vom ",2004-Kreuzberg-16:00-0,FALSE,DE_1990-2019.md:5229
2004,DE,16:45,,Prenzlauer Berg,,Wydarzenia,"16.45 Uhr, Senefelder Platz (Prenzlauer Berg).",2004-Prenzlauer Berg-16:45-0,FALSE,DE_1990-2019.md:5143
2004,DE,16:45,,Friedrichshain,,Scenariusz / taz / Der Mai ist gekommen,"16:45, S-Bahnhof Frankfurter Allee: Die Gegendemonstranten sind mit Schubsen, Schlagstöcken und Wasserwerfern weit nach Friedrichshain zurückgedrängt worden. Dort brennen mehrere Müllcontainer und ein Auto, dichter Qualm steigt auf. „Es geht weiter“, verkündet die Polizei. „So was hab ich schon lang nicht mehr gesehen“, meint ein bayrischer Polizist. Die Nazis müssen gut 300 Meter vor dem S-Bahnho",2004-Friedrichshain-16:45-0,FALSE,DE_1990-2019.md:5204
2004,DE,17:30,,Kreuzberg,Antifa,Scenariusz / taz / Der Mai ist gekommen,"17:30, Leipziger Platz: Die knapp 5.000 Teilnehmenden der Revolutionären 1. ACT-Demo ziehen mit viel Getöse, drei Moderatoren und Antifa-Groupies Richtung Kreuzberg. „Alles für Alle“, gegen Kapitalismus und den neoliberalen Umverteilungsprozess, ziehen sie an den glänzenden Prachtbauten auf der Leipziger- und Kochstraße vorbei. Alles bleibt heil.",2004-Kreuzberg-17:30-0,FALSE,DE_1990-2019.md:5207
2004,DE,18:15,,Kreuzberg,,Scenariusz / taz / Der Mai ist gekommen,"18:15, Oberbaumbrücke: Die Polizei fährt Kolonne, die Antifas fahren Fahrrad. Alle nach Kreuzberg. An der Brücke trifft man sich wieder, zur Taschenkontrolle.",2004-Kreuzberg-18:15-0,FALSE,DE_1990-2019.md:5209
2004,DE,21:00,,Prenzlauer Berg,,Wydarzenia,"Am 30. April, der Walpurgisnacht, wird sich die EU-Kommission mit ihrem Vorsitzenden Prodi in Berlin treffen. Ab 21.00 Uhr werden dann die HERRschenden am Gendarmenmarkt mal wieder so richtig feiern. Anlass ist die zum 1. Mai 2004 vollzogene Osterweiterung der Europäischen Union um die zehn Beitrittskandidaten aus Ost- und Südosteuropa. Zu der Feier werden auch hochrangige Vertreter aus Wirtschaft",2004-Prenzlauer Berg-21:00-0,FALSE,DE_1990-2019.md:5146
2005,DE,09:00,,Friedrichshain,,Scenariusz / 30. April (Walpurgisnacht) / 1. Mai / Inne festy 1. Maja (PDS),"- Bötzow-Eiche, Bötzowstraße, Friedrichshain (9:00–20:00)",2005-Friedrichshain-09:00-0,FALSE,DE_1990-2019.md:5360
2005,DE,11:00,,Hohenschönhausen,,Scenariusz / 30. April (Walpurgisnacht) / 1. Mai / Inne festy 1. Maja (PDS),"- Falkenberger Chaussee, Hohenschönhausen (11:00–18:00)",2005-Hohenschönhausen-11:00-0,FALSE,DE_1990-2019.md:5358
2005,DE,16:00,,Friedrichshain,,Scenariusz / 30. April (Walpurgisnacht),"16:00 – Boxhagener Platz, Friedrichshain Walpurgisnacht-Demo „Mai-Steine 2005"", Bündnis gegen Yuppiesierung und Umstrukturierung. Infostände, Diskussionen, Musik. Walpurgisnacht Friedrichshain Gentrifizierung",2005-Friedrichshain-16:00-0,FALSE,DE_1990-2019.md:5344
2005,DE,16:30,,Prenzlauer Berg,,Scenariusz / 30. April (Walpurgisnacht),"16:30 – Mauerpark, Prenzlauer Berg (zwischen Eberswalder und Gleimstraße) Friedliche Walpurgisnacht — tanzen, Friedensgebet (18:30), Helmi-Theater „Der Schweinehirt"" (18:45), Überraschungen (22:15). Flaschen- und Dosenverbot. Walpurgisnacht Mauerpark",2005-Prenzlauer Berg-16:30-0,FALSE,DE_1990-2019.md:5346
2006,DE,23:20,,Wedding,,"Scenariusz, za taz","23:20, im Mauerpark: Es fliegen vereinzelt Frisbeescheiben. Das ist nur möglich, weil die Scheinwerfer des benachbarten Jahn-Stadions auch den Park beleuchten. Überhaupt ist die Atmosphäre ziemlich ungemütlich: Die Polizei hat Glasflaschen verboten, der Bezirk offene Feuer, und die Nachbarn im Wedding haben sich über den Lärm der Trommler beschwert – also müssen auch die ruhig sein. Die rund 1.000",2006-Wedding-23:20-0,FALSE,DE_1990-2019.md:5562
2008,DE,09:00,17:00,Friedrichshain,,Scenariusz,"Ostbahnhof, Friedrichshain, 9-17 Uhr.",2008-Friedrichshain-09:00-0,FALSE,DE_1990-2019.md:5827
2008,DE,10:00,22:00,Treptow,,Scenariusz,"Puschkinallee, Treptow, 10-22 Uhr.",2008-Treptow-10:00-0,FALSE,DE_1990-2019.md:5804
2008,DE,10:00,22:00,Biesdorf,,Scenariusz,"Alt-Biesdorf 55, Biesdorf, 10-22 Uhr.",2008-Biesdorf-10:00-0,FALSE,DE_1990-2019.md:5810
2008,DE,10:00,,Reinickendorf,,Scenariusz,"Alte Fasanerie 10, Reinickendorf, ab 10 Uhr.",2008-Reinickendorf-10:00-0,FALSE,DE_1990-2019.md:5814
2008,DE,10:00,18:00,Oberschöneweide,,Scenariusz,"An der Wuhlheide 197, Oberschöneweide, 10-18 Uhr.",2008-Oberschöneweide-10:00-0,FALSE,DE_1990-2019.md:5825
2008,DE,10:00,18:00,Niederschöneweide,,Scenariusz,"Adlergestell Höhe Nr. 107, Niederschöneweide, 10-18 Uhr, 3, erm. 1,50 Euro.",2008-Niederschöneweide-10:00-0,FALSE,DE_1990-2019.md:5832
2008,DE,11:00,23:00,Marzahn,,Scenariusz,"Vom Eastgate bis zum Freizeitforum, Marzahn, 11-23 Uhr.",2008-Marzahn-11:00-0,FALSE,DE_1990-2019.md:5808
2008,DE,11:00,,Friedrichsfelde,,Scenariusz,"Am Tierpark 125, Friedrichsfelde, ab 11 Uhr, 11, erm. 8 Euro.",2008-Friedrichsfelde-11:00-0,FALSE,DE_1990-2019.md:5812
2008,DE,11:00,19:00,Dahlem,,Scenariusz,"Königin-Luise-Straße 49, Dahlem, 11-19 Uhr.",2008-Dahlem-11:00-0,FALSE,DE_1990-2019.md:5816
2008,DE,11:00,23:00,Mariendorf,,Scenariusz,"Mariendorfer Damm, Mariendorf, 11-23 Uhr, 1 Euro.",2008-Mariendorf-11:00-0,FALSE,DE_1990-2019.md:5822
2008,DE,11:00,17:30,Prenzlauer Berg,,Scenariusz,"Senefelderstraße 5, Prenzlauer Berg, 11-17.30 Uhr, 4,50, erm. 3 Euro.",2008-Prenzlauer Berg-11:00-0,FALSE,DE_1990-2019.md:5829
2008,DE,12:00,17:00,Lichterfelde,,Scenariusz,"Ringstraße 76, Lichterfelde, 12-17 Uhr.",2008-Lichterfelde-12:00-0,FALSE,DE_1990-2019.md:5806
2008,DE,12:00,19:00,Karlshorst,,Scenariusz,"Treskowallee 129, Karlshorst, 12-19 Uhr, 2, erm. 1 Euro.",2008-Karlshorst-12:00-0,FALSE,DE_1990-2019.md:5834
2008,DE,13:00,,Kreuzberg,,Scenariusz,"Mariannenplatz, Kreuzberg, ab 13 Uhr.",2008-Kreuzberg-13:00-0,FALSE,DE_1990-2019.md:5797
2008,DE,14:00,,Prenzlauer Berg,,Scenariusz,"Schönhauser Allee 36, Prenzlauer Berg, ab 14 Uhr.",2008-Prenzlauer Berg-14:00-0,FALSE,DE_1990-2019.md:5802
2008,DE,14:00,,Charlottenburg,,Scenariusz,"Eingang Heckerdamm, Charlottenburg, ab 14 Uhr, Eintritt 2 Euro.",2008-Charlottenburg-14:00-0,FALSE,DE_1990-2019.md:5818
2008,DE,20:00,,Mitte,,Scenariusz,"Friedrichstraße 101, Mitte, ab 20 Uhr, 11 Euro.",2008-Mitte-20:00-0,FALSE,DE_1990-2019.md:5780
2008,DE,20:00,,Tiergarten,,Scenariusz,"Marlene-Dietrich-Platz 1, Tiergarten, ab 20 Uhr, 18 Euro.",2008-Tiergarten-20:00-0,FALSE,DE_1990-2019.md:5784
2008,DE,21:00,,Mitte,,Scenariusz,"Johannisstraße 2, Mitte, ab 21 Uhr, 9,50 Euro.",2008-Mitte-21:00-0,FALSE,DE_1990-2019.md:5782
2009,DE,10:00,,Köpenick,,Scenariusz,"10 Uhr Köpenick: Kundgebung am Forum Köpenick. Die Demo startet, wenn die Nazis über die Borgmannstraße zum Mandrellaplatz geleitet werden. Zugtreffpunkt für Antifas ist um 9.45 Uhr am Ostkreuz.",2009-Köpenick-10:00-0,FALSE,DE_1990-2019.md:5997
2010,DE,10:00,,Schöneberg,,Scenariusz / Blokada Nazi,"Pierwsi blokujący pojawiają się na Bösebrucke już około godziny 10 rano; ogólnie liczba blokujących znacząco przewyższa liczbę uczestników demonstracji nazistowskiej. Ci próbują zmylić policję, 300 osób udaje się na Schöneberg gdzie dochodzi do zamieszek z ich udziałem (Zeit)",2010-Schöneberg-10:00-0,FALSE,DE_1990-2019.md:6189
2010,DE,15:00,,Mitte,DGB,Scenariusz,"15.00 Uhr: Der Deutsche Gewerkschafts-Bund gibt die Teilnehmerzahlen seiner 1.-Mai-Demo durch Mitte bekannt - und zwar nach Verkehrsmitteln gestaffelt: Über 6000 Menschen haben sich beteiligt, darunter 100 Radler, über 80 Motorradfahrer und einige Inline-Skater. Beim Maifest auf der Straße des 17. Juni waren demnach 12.000 Menschen. Das Motto der Kundgebungen: „Wir gehen vor! Gute Arbeit – Gerecht",2010-Mitte-15:00-0,FALSE,DE_1990-2019.md:6074
2015,DE,18:30,,Wedding,DGB,Scenariusz / TAZ relacja na żywo,"Aufruf beim KlassenkampfBlock Berlin(http://klassenkampfblock.blogsport.de/2015/04/07/1-mai-2015-wir-sind-ueberall-selbstorganisert-solidarisch-antikapitalistisch/) !externer Link(https://www.labournet.de/wp-content/uploads/2012/03/extern.gif ""externer Link"") mit folgenden Daten: 30.04. | Antikapitalistische-Demo »Organize!« 18.30 Uhr | Wedding | Leopoldplatz01.05. | DGB-Demo | Klassenkämpferische",2015-Wedding-18:30-0,FALSE,DE_1990-2019.md:6747
2016,DE,10:00,,Pankow,NPD,"Scenariusz / Kundgebungen zum 30. April 2016, Walpurgisnacht / Kundgebungen zum 1. Mai 2016 (B.Z)","Berlin-Pankow: Erste NPD-Kundgebung „Asylflut stoppen“ am Antonplatz, Beginn 10 Uhr",2016-Pankow-10:00-0,TRUE,DE_1990-2019.md:6873
2016,DE,10:00,,Pankow,,"Scenariusz / Kundgebungen zum 30. April 2016, Walpurgisnacht / Kundgebungen zum 1. Mai 2016 (B.Z)","Berlin-Pankow: Kundgebung Die Grünen „Pankow ist bunt und vielfältig“ auf der Berliner Allee, Beginn 10 Uhr",2016-Pankow-10:00-0,TRUE,DE_1990-2019.md:6874
2016,DE,10:00,,Friedrichshain-Kreuzberg,,"Scenariusz / Kundgebungen zum 30. April 2016, Walpurgisnacht / Kundgebungen zum 1. Mai 2016 (B.Z)","Friedrichshain-Kreuzberg: Erste Myfest-Kundgebung auf der Oranienstraße inkl. Oranienplatz und Naunynstraße bis Adalsbertstraße, Zweite Myfest-Kundgebung von der Mariannenstraße / Naunynstraße bis Feuerwehrdenkmal, Dritte Myfest-Kundgebung auf der Waldemarstraße, zwischen Adalbertstraße und Mariannenplatz, Beginn jeweils 10 Uhr",2016-Friedrichshain-Kreuzberg-10:00-0,TRUE,DE_1990-2019.md:6875
2016,DE,10:00,,Friedrichshain-Kreuzberg,,"Scenariusz / Kundgebungen zum 30. April 2016, Walpurgisnacht / Kundgebungen zum 1. Mai 2016 (B.Z)","Friedrichshain-Kreuzberg: Kundgebung zur freien Musikäußerung, Beginn 10 Uhr",2016-Friedrichshain-Kreuzberg-10:00-0,TRUE,DE_1990-2019.md:6876
2016,DE,11:30,,Lichtenberg,,"Scenariusz / Kundgebungen zum 30. April 2016, Walpurgisnacht / Kundgebungen zum 1. Mai 2016 (B.Z)","Berlin-Lichtenberg: Kundgebung „Gemeinsam gegen Rassismus – Refugees Welcome“, Beginn 11.30 Uhr",2016-Lichtenberg-11:30-0,FALSE,DE_1990-2019.md:6877
2016,DE,12:00,,Lichtenberg,NPD,"Scenariusz / Kundgebungen zum 30. April 2016, Walpurgisnacht / Kundgebungen zum 1. Mai 2016 (B.Z)","Berlin-Lichtenberg: Zweite NPD-Kundgebung „Asylflut stoppen“ am Prerower Platz (Falkenberger Chaussee / Rüdickenstraße), Beginn 12 Uhr",2016-Lichtenberg-12:00-0,FALSE,DE_1990-2019.md:6878
2016,DE,13:00,,Treptow-Köpenick,,"Scenariusz / Kundgebungen zum 30. April 2016, Walpurgisnacht / Kundgebungen zum 1. Mai 2016 (B.Z)","Treptow-Köpenick: Kundgebung „1. Mai – Nazifrei!“ am Busbahnhof Schöneweide, Beginn 13 Uhr",2016-Treptow-Köpenick-13:00-0,FALSE,DE_1990-2019.md:6880
2016,DE,13:00,,Friedrichshain-Kreuzberg,Die Linke,"Scenariusz / Kundgebungen zum 30. April 2016, Walpurgisnacht / Kundgebungen zum 1. Mai 2016 (B.Z)","Friedrichshain-Kreuzberg: Kundgebung Die Linke am Mariannenplatz, vom Rondell in Höhe der Muskauer Straße bis Ende der Grünfläche vor der St. Thomas-Kirche, in Höhe der Wranglerstraße, Beginn 13 Uhr",2016-Friedrichshain-Kreuzberg-13:00-0,FALSE,DE_1990-2019.md:6881
2016,DE,13:30,,Treptow,,"Scenariusz / Kundgebungen zum 30. April 2016, Walpurgisnacht / Kundgebungen zum 1. Mai 2016 (B.Z)","Treptow Köpenick: Kundgebung „Schöner weiden ohne Nazis an der Brückenstraße / Schnellerstraße, Beginn 13.30 Uhr",2016-Treptow-13:30-0,FALSE,DE_1990-2019.md:6882
2016,DE,13:30,,Treptow-Köpenick,,"Scenariusz / Kundgebungen zum 30. April 2016, Walpurgisnacht / Kundgebungen zum 1. Mai 2016 (B.Z)","Treptow-Köpenick: Kundgebung „1. Mai – Nazifreiheit!“ am Cajamarcaplatz auf dem Vorplatz des S-Bahnhof Schöneweide, Beginn 13.30 Uhr",2016-Treptow-Köpenick-13:30-0,FALSE,DE_1990-2019.md:6883
2016,DE,16:30,,Wedding,,"Scenariusz / Kundgebungen zum 30. April 2016, Walpurgisnacht","Berlin-Wedding: Aufzug durch Wedding, Beginn 16.30 Uhr. Die Strecke: U-Bahnhof Osloer Straße – Schwedenstraße – Badstraße – Buttmannstraße – Thumyssensstraße – Pankstraße – Badstraße – Stettiner Straße – Klever Straße – Jülicher Straße – Bellermannstraße – Swinemünder Straße – Ramlerstraße – Graunstraße – Gleimstraße – Swinemünder Straße – Demminer Straße – Brunnenstraße bis U-Bahnhof Bernauer Str",2016-Wedding-16:30-0,FALSE,DE_1990-2019.md:6865
2016,DE,18:00,,Neukölln,,"Scenariusz / Kundgebungen zum 30. April 2016, Walpurgisnacht","Berlin-Neukölln: Kundgebung gegen Räumung eines Kiezladens am Reuterplatz/Reuterstraße, Beginn 18 Uhr",2016-Neukölln-18:00-0,FALSE,DE_1990-2019.md:6867
2017,DE,09:00,,Moabit,DGB,Scenariusz / Lista wydarzeń w Berlinie,"DGB-Aufzug als Fahrrad- und Skater-Korso, 9 Uhr, Spandauer Straße, Karl-Liebknecht-Straße, Torstraße, Chausseestraße, Invalidenstraße, Luisenstraße, Schumannstraße, Charitéplatz, Alexanderstraße, Invalidenstraße, Alt-Moabit, Gotzkowskystraße, Gotzkowskybrücke, Franklinstraße, Marchstraße, Ernst-Reuter-Platz, Hardenbergstraße, Budapester Straße, Kurfürstenstraße, Potsdamer Straße, Potsdamer Platz, ",2017-Moabit-09:00-0,FALSE,DE_1990-2019.md:6974
2017,DE,10:00,,Friedrichshain-Kreuzberg,,Scenariusz / Lista wydarzeń w Berlinie,"Erste Myfest-Kundgebung, Beginn 10 Uhr, Friedrichshain-Kreuzberg, von Görlitzer Bahnhof bis Oranienplatz einschließlich Oranienplatz und vom Oranienplatz bis einschließlich Naunystraße",2017-Friedrichshain-Kreuzberg-10:00-0,TRUE,DE_1990-2019.md:6977
2017,DE,10:00,,Friedrichshain-Kreuzberg,,Scenariusz / Lista wydarzeń w Berlinie,"Zweite Myfest-Kundgebung, Beginn 10 Uhr, Friedrichshain-Kreuzberg, von Mariannenplatz/ Mariannenstraße/ Waldemarstraße bis Heinrichplatz einschließlich Feuerwehrdenkmal und von Mariannenplatz bis Waldemarstraße/ Adalbertstraße",2017-Friedrichshain-Kreuzberg-10:00-0,TRUE,DE_1990-2019.md:6978
2017,DE,13:00,,Friedrichshain-Kreuzberg,Die Linke,Scenariusz / Lista wydarzeń w Berlinie,"Kundgebung Die Linke, Beginn 13 Uhr, Friedrichshain-Kreuzberg, Mariannenplatz, vom Rondell vor dem Bethanien, Höhe Muskauer Straße, bis Ende Grünfläche vor der St. Thomas-Kirche, höhe Wrangelstraße",2017-Friedrichshain-Kreuzberg-13:00-0,FALSE,DE_1990-2019.md:6981
2018,DE,14:00,,Grunewald,MyGruni,Scenariusz,14:00 Demonstracja satyryczna MyGruni w zachodnioberlińskiej dzielnicy Grunewald,2018-Grunewald-14:00-0,FALSE,DE_1990-2019.md:7110
2019,DE,10:30,,Neukölln,,Prasa / Berliner Morgenpost / So startet Berlin in den _Mai_,"Neukölln: Am 1. Mai wird traditionell auf der Festplatzbühne am See im Britzer Garten getanzt. Ab 10.30 Uhr tanzen rund 100 Tänzer in traditionellen Kostümen der Tanzgruppe "" LAG Tanz"" . Die Tänzer kommen unter anderem aus Israel, Griechenland, aber auch Deutschland. Sie führen internationale Volkstänze - teilweise in Originaltrachten - vor. Aber keine Sorge: Wer es moderner mag, wird nicht enttäu",2019-Neukölln-10:30-0,FALSE,DE_1990-2019.md:7374
2019,DE,11:00,18:00,Hohenschönhausen,,Prasa / Berliner Morgenpost / So startet Berlin in den _Mai_,"1. Mai, 11-18 Uhr, Familienfest "" Bunte Platte"" in Hohenschönhausen, Falkenberger Chaussee, Ecke Vincent-van-Gogh-Straße, Eintritt frei.",2019-Hohenschönhausen-11:00-0,FALSE,DE_1990-2019.md:7384
2019,DE,12:00,22:00,Hellersdorf,,Prasa / Berliner Morgenpost / So startet Berlin in den _Mai_,"1. Mai, 12-22 Uhr, Alice-Salomon-Platz, Hellersdorf, Eintritt frei, www.laubinger.de/termine/tanzfest-in-hellersdorf(http://www.laubinger.de/termine/tanzfest-in-hellersdorf)",2019-Hellersdorf-12:00-0,FALSE,DE_1990-2019.md:7372
2019,DE,12:00,,Spandau,,Prasa / Berliner Morgenpost / So startet Berlin in den _Mai_,"Spandau: Auf dem Vierfelderhof in Gatow wird am 1. Mai ein Familienfest gefeiert. Los geht es um 12 Uhr mit dem Schmücken einer Birke als Maibaum, die anschließend aufgestellt wird. Am Nachmittag können Besucher bei einer Bauernhof-Olympiade antreten, mit Disziplinen wie Hufeisen-Werfen, Eierlauf oder dem Erkennen von Getreide. Hobby-Gärtner haben die Möglichkeit, Saatbälle zu basteln, Kinder könn",2019-Spandau-12:00-0,FALSE,DE_1990-2019.md:7378
2019,DE,12:30,,Wedding,,Scenariusz,"12.30 Uhr: Im Wedding beginnt um 12.30 Uhr am Nettelbeckplatz ein politischer Stadtspaziergang zum 90. Jahrestag des sogenannten Blutmai 1929, an dem die Polizei hart gegen ungenehmigte, von der KPD organisierte Demonstrationen vorging und 33 Zivilisten tötete.",2019-Wedding-12:30-0,FALSE,DE_1990-2019.md:7246
2019,DE,13:00,,Grunewald,,Scenariusz,13 Uhr: Andere fahren gegen Mittag in den Grunewald: Die Hedonistische Internationale hat für ihre Demonstration das Motto »Miteinander gegen ein Gegeneinander im Grunewald« gewählt. In gewohnt satirischer Manier sollen im »sozial abgehängten Bezirk Begegnungszonen ermöglicht werden«. Der Demonstrationszug trifft sich um 13 Uhr am S-Bahnhof Grunewald. Zur gemeinsamen Anreise kann man sich bereits ,2019-Grunewald-13:00-0,FALSE,DE_1990-2019.md:7247
2019,DE,13:30,,Grunewald,,"Prasa / taz / ""Wir kommen in Frieden""","Cytaty:: “Wir beginnen um 13.30 Uhr am S-Bahnhof Grunewald mit einem Stadteilfest, ""My-Gruni"" genannt. Es gibt eine Kundgebung und Stände. Danach ziehen die autonomen StreetworkerInnen durch die Straßen. Mit Informationsbroschüren werden sie auf die AnwohnerInnen zuzugehen. Alles wird in eine Stadtteilfestatmosphäre eingebettet sein.”",2019-Grunewald-13:30-0,FALSE,DE_1990-2019.md:7452
2019,DE,14:00,18:00,Tempelhof,,Prasa / Berliner Morgenpost / So startet Berlin in den _Mai_,"1. Mai, 14-18 Uhr, Kinderbauernhof, Viktoriastraße 13, Tempelhof, Eintritt frei www.nusz.de(http://www.nusz.de/), Tel. 030 / 75 50 30",2019-Tempelhof-14:00-0,FALSE,DE_1990-2019.md:7368
2019,DE,14:45,,Grunewald,MyGruni,Prasa / taz / Grunewald ist das neue Kreuzberg,"“Das ""Quartiersmanagement Grunewald"" hat eingeladen - und rund 4.000 sind am Mittwoch der Einladung dieses fiktiven ""Sozialraummanagements"" in den gut betuchten Südwesten gefolgt. Nach den Szenen bei der Erstauflage im vergangenen Jahr - Sticker auf Klingelschildern und Porsche-Heckscheiben, Konfetti in gepflegten Vorgärten - wollten die Organisatoren, die Hedonistische Internationale, diese ""Mai-",2019-Grunewald-14:45-0,FALSE,DE_1990-2019.md:7471
2019,DE,15:00,,Steglitz-Zehlendorf,,Prasa / Berliner Morgenpost / So startet Berlin in den _Mai_,"Steglitz-Zehlendorf: In der Eierschale in Dahlem ist am 1. Mai von 9 bis 15 Uhr Brunch. Bei schönem Wetter sind auch die Tische auf der großen Terrasse gedeckt, Kinder können nebenan im Park spielen. Ab 11 Uhr spielt eine Live-Band, wer will kann auch zur frühen Stunde schon tanzen.",2019-Steglitz-Zehlendorf-15:00-0,FALSE,DE_1990-2019.md:7354
2019,DE,16:00,,Pankow,,Prasa / Berliner Morgenpost / So startet Berlin in den _Mai_,"Pankow : Zum ersten Mal seit 15 Jahren fällt die friedvolle Walpurgisnacht im Mauerpark wegen eines Streits über strengere Auflagen aus. Wer in Prenzlauer Berg trotzdem feiern will, für den empfiehlt sich in der Nähe des Parks die Walpurgisnacht der Kulturbrauerei. Um 16 Uhr entzünden die Veranstalter eines der größten Maifeuer Berlins. Später lassen Feuerartisten die Besucher am dunklen Zauber te",2019-Pankow-16:00-0,FALSE,DE_1990-2019.md:7346
2019,DE,17:00,,Gatow,,Prasa / Berliner Morgenpost / So startet Berlin in den _Mai_,"1. Mai, 12 bis 17 Uhr, Vierfelderhof Gatow, Groß-Glienicker Weg 30 Eintritt frei, Saatball-Werkstatt und Kinderschminken gegen einen kleinen Kostenbeitrag.",2019-Gatow-17:00-0,FALSE,DE_1990-2019.md:7380
2019,DE,18:00,,Treptow-Köpenick,,Prasa / Berliner Morgenpost / So startet Berlin in den _Mai_,"Treptow-Köpenick: Auch in der Köpenicker Wuhlheide sind die Hexen los. Ein Sonderzug startet vom Hauptbahnhof der kleinen Parkbahn gegen 18 Uhr zur Fahrt durch die Wuhlheide. Zwischendurch heißt es aussteigen, dann gibt es einen Spaziergang durch den dunklen Wald, der von Hexen und Geistern begleitet wird. Zur Stärkung gibt es eine Rostbratwurst, Geisterpunsch und Stockbrot frisch vom Scheiterhauf",2019-Treptow-Köpenick-18:00-0,FALSE,DE_1990-2019.md:7350
2019,DE,18:00,,Lichtenberg,,Prasa / Berliner Morgenpost / So startet Berlin in den _Mai_,"Lichtenberg: Mit Dixieland eröffnet "" Papa Binnes Jazzband"" das traditionelle Familienfest "" Bunte Platte"" am 1. Mai in Hohenschönhausen. Auf der Bühne folgen bis 18 Uhr multikulturelle Tanz- und Musikaufführungen. In Polittalks dürfen sich die im Bezirk agierenden Parteien präsentieren: In jeweils drei Minuten können sie verkünden, was ihnen an Europa wichtig ist. Zudem gibt es ein kulinarisches ",2019-Lichtenberg-18:00-0,FALSE,DE_1990-2019.md:7382
