nr,rok,dzielnica,nazwa,zrodlo,dokument,trafnosc,cytat
0,1992,Pankow,Talk und Tanz in den 1. Mai,ND 30.04.1992,artykuly_nd.txt,12.0,"ab 18 Uhr im Haus der PDS Pankow, Breite Straße 48, „Talk und Tanz in den 1. Mai“. Die Besucher erwartet ein Gespräch mit PDS-Kandidatinnen sowie mit Kerstin Kaiser und Andr§ Brie. Ebenfalls heute abend ("
1,1992,Wedding,Links-Treff: Entscheiden müssen die Betroffenen,ND 30.04.1992,artykuly_nd.txt,10.3,19 Uhr) ist im Wedding (Weddingstra-ße 6) ein Links-Treff mit der PDS-Fraktionsvorsitzenden Gesine Lötzsch zum Thema „Entscheiden müssen die Betroffenen - PDS Berlin stellt ein Selbstverwaltungsgesetz vor“ angesagt. In Treptow findet heute
2,1992,Treptow,Mai-Fete im Klub der AG Junge GenossInnen,ND 30.04.1992,artykuly_nd.txt,12.0,ab 19 Uhr im Klub der AG Junge Genossinnen in der Grünauer Straße 7 (Baracke) eine Mai-Fete statt.
3,1992,Mitte,Großes Familienfest am Köllnischen Park,ND 30.04.1992,artykuly_nd.txt,10.0,"ab 12 Uhr das Haus Am Köllnischen Park zu einem großen Familienfest ein,"
4,1992,Weißensee,Frühlingsfest Parkstraße,ND 30.04.1992,artykuly_nd.txt,12.0,"14 Uhr startet in Weißensee in der Parkstraße 23 ein Frühlingsfest, ebenso auf der Köpenicker Schloßinsel. Kiezfeste mit Gregor Gysi finden am Nachmittag in Alt-Marzahn ("
5,1992,Köpenick,Frühlingsfest auf der Schloßinsel,ND 30.04.1992,artykuly_nd.txt,12.0,"14 Uhr startet in Weißensee in der Parkstraße 23 ein Frühlingsfest, ebenso auf der Köpenicker Schloßinsel. Kiezfeste mit Gregor Gysi finden am Nachmittag in Alt-Marzahn ("
6,1992,Marzahn,Kiezfest Alt-Marzahn,ND 30.04.1992,artykuly_nd.txt,7.0,"ab 13 Uhr bei der Maifete iri Alt-Marzahn. Für die Kinder, stehen Maibaumklettern, Kremserfahrten, Basteln und Spielen auf dem Programm. Für die Größeren signieien Schriftsteller ihre Bücher, gibt es Infostände. Bezirkspolitiker wie Bürgermeister-Harald Buttler und PDS-Fra'itionschef in der BW Norbert Lüdtke sowie Abgeordnete de$ Bezirkes im Berliner Parlament wie Dagmar Pohle und Margit Barth, dazu Margitta Mächtig,"
7,1992,Hellersdorf,Kiezfest Hellersdorf,ND 30.04.1992,artykuly_nd.txt,7.0,"10-17 Uhr, Oberseepark, Hellersdorf,"
8,1992,Pankow,Familiennachmittag in der »Pankgräfin«,ND 30.04.1992,artykuly_nd.txt,10.0,ab 16 Uhr auch in der „Pankgräfin“ in Pankow (Breite Straße 43) gemeinsam mit PDS-Kandidaten
9,1992,Treptow,Maifeier im Johannisthaler Springbornclub,ND 30.04.1992,artykuly_nd.txt,12.0,ab 14 Uhr gleich zwei Maifeiern ein: Im Johannisthaler Springbornclub (Springbornstraße) und im Gerard-Philippe-Klub (Karl-Kunger-Stra-ße).
10,1992,Treptow,Maifeier im Gerard-Philippe-Klub,ND 30.04.1992,artykuly_nd.txt,12.0,ab 14 Uhr gleich zwei Maifeiern ein: Im Johannisthaler Springbornclub (Springbornstraße) und im Gerard-Philippe-Klub (Karl-Kunger-Stra-ße).
11,1992,Pankow,Forum zu aktuellen Fragen der Politik,ND 30.04.1992,artykuly_nd.txt,12.0,"Ab 16 Uhr findet im Haus der PDS Pankow.(Breite Straße 48) ein Forum zu aktuellen Fragen der Politik mit dem PDS-Ehrenvorsitzenden Hans Modrow, Mitglied des Bundestages, statt."
12,1993,Friedrichshain,Maifest von ND und PDS Friedrichshain,ND 30.04.1993,artykuly_nd.txt,10.0,"ab 14 Uhr beim „Neuen Deutschland“ vorbeischauen, denn in Innenhof, Foyer und Verlagsgebäude am Franz-Mehring-Platz feiern und diskutieren ND und die PDS Friedrichshain mit Lesern, Freunden und Gästen."
13,1993,Marzahn,Maifest an der PDS-Geschäftsstelle Alt-Marzahn,ND 30.04.1993,artykuly_nd.txt,9.5,"23 Uhr wird rund um die PDS-Geschäftsstelle Alt-Marzahn 64 gefeiert. Ein bunter Nachmittag steht in der PDS-Geschäftsstelle Wei-ßensee, Parkstraße 23"
14,1993,Weißensee,Bunter Nachmittag in der PDS-Geschäftsstelle,ND 30.04.1993,,0,
15,1993,Hellersdorf,Maifest vor dem Haus der Parteien,ND 30.04.1993,artykuly_nd.txt,9.5,10 Uhr vor dem Haus der Parteien in der Kastanienallee 6-8. Im Treptower „Springbrunnenclub“ wird
16,1993,Treptow,Maifete im Springbrunnenclub,ND 30.04.1993,,0,
17,1993,Köpenick,Maifeier der PDS Köpenick,ND 30.04.1993,artykuly_nd.txt,7.0,"14 Uhr startet in Weißensee in der Parkstraße 23 ein Frühlingsfest, ebenso auf der Köpenicker Schloßinsel. Kiezfeste mit Gregor Gysi finden am Nachmittag in Alt-Marzahn ("
18,1993,Kreuzberg,Begegnung der Generationen,ND 30.04.1993,,0,
19,1995,Lichtenberg,Tanz in den Mai,ND 29.04.1995; rocznik DE,DE_1990-2019.md,6.7,
20,1995,Pankow,Tanz in den Mai,ND 29.04.1995; rocznik DE,DE_1990-2019.md,10.0,"- Pankower Tanzschule, Kreuzstraße 3"
21,1995,Köpenick,Tanz in den Mai,ND 29.04.1995; rocznik DE,DE_1990-2019.md,6.7,
22,1995,Treptow,SPD-Rosengartenfest,ND 29.04.1995; rocznik DE,,0,
23,1995,Pankow,Maifest im Bürgerpark,ND 29.04.1995; rocznik DE,,0,
24,1995,Prenzlauer Berg,Antifaschistisches Zelt auf dem Humannplatz,ND 29.04.1995,artykuly_nd.txt,6.7,
25,1996,Hellersdorf,Maifest Boulevard Kastanienallee,ND 30.04.1996,artykuly_nd.txt,8.7,ab 10 Uhr im Boulevard Kastanienallee erwartet. Mit Politikern kann man über die Länderfusion diskutieren. Stadträte und Abgeordnete stehen Rede und Antwort. Herrnann Kant und Gisela Steineckert signieren ihre Bücher.
26,1996,Hohenschönhausen,Festumzug und Maifest am Obersee,ND 30.04.1996,,0,
27,1996,Prenzlauer Berg,"Widerspenstig und lebendig, Humannplatz",ND 30.04.1996,,0,
28,1996,Marzahn,Maifete »Rot ist der Mai«,ND 30.04.1996,artykuly_nd.txt,12.0,"ab 13 Uhr bei der Maifete iri Alt-Marzahn. Für die Kinder, stehen Maibaumklettern, Kremserfahrten, Basteln und Spielen auf dem Programm. Für die Größeren signieien Schriftsteller ihre Bücher, gibt es Infostände. Bezirkspolitiker wie Bürgermeister-Harald Buttler und PDS-Fra'itionschef in der BW Norbert Lüdtke sowie Abgeordnete de$ Bezirkes im Berliner Parlament wie Dagmar Pohle und Margit Barth, dazu Margitta Mächtig,"
29,1997,Weißensee,Maifeier der PDS Weißensee,ND 30.04.1997,artykuly_nd.txt,10.0,"14.30-22 Uhr, Herbert-Baum-Straße, und Lichtenberg,"
30,1997,Lichtenberg,Maifeier der PDS Lichtenberg,ND 30.04.1997,artykuly_nd.txt,7.0,"ab 19 Uhr, Kulturhaus Karlshorst. Pankow feiert am 2. und 3. Mai das 7. Nordberliner Früh-Links-Fest in der Schönholzer Heide."
31,1997,Köpenick,Maifest im Luisenhain,ND 30.04.1997,artykuly_nd.txt,9.0,"14-18 Uhr, Luisenhain, Marzahn,"
32,1997,Marzahn,Maifest Alt-Marzahn,ND 30.04.1997,artykuly_nd.txt,10.7,"13-18 Uhr, Alt-Marzahn 64, Hohenschönhausen,"
33,1997,Hohenschönhausen,Maifest im Oberseepark,ND 30.04.1997,artykuly_nd.txt,9.0,"10-17 Uhr, Oberseepark, Hellersdorf,"
34,1997,Hellersdorf,Maifest Boulevard Kastanienallee,ND 30.04.1997,artykuly_nd.txt,10.7,"11-19 Uhr, Boulevard Kastanienallee. Schon am heutigen 30. April feiern die PDS Wei-ßensee,"
35,1998,Hellersdorf,Straßenfest Boulevard Kastanienallee,ND 29.04.1998,artykuly_nd.txt,10.0,"(ND-Dittmann). Zu einem großen Straßenfest auf dem Boulevard Kastanienallee lädt die Volkssolidarität am 1. Mai ein. Der unter dem Motto stehende Aufruf »In wachsender Solidarität der Generationen gemeinsam« wurde von über 50 Vereinen, freien Trägern, Bürgerinitiativen und dem PDS-Bezirksvorstand unterzeichnet. Die meisten beteiligen sich auch an der Organisation des Maifestes."
36,2000,Hellersdorf,Multikulturelles Bündnisfest gegen Rechts,ND 29.04.2000,artykuly_nd.txt,12.0,"20 Uhr multikulturelles Bündnisfest gegen Rechts, Alice-Salomon-Platz, Hellersdorf. Mit Gregor Gysi gegen"
37,2000,Marzahn,Kundgebungen der BVV Marzahn,ND 29.04.2000,artykuly_nd.txt,12.0,"ab 9 Uhr Kundgebungen der BW Mar zahn, Eisenacher Straße, Wittenberger Straße, Marzahner Promenade, S-Bhf. Marzahn, Mehrower Allee, U-Bhf. Biesdorf-Süd"
38,2000,Marzahn,Kundgebungen der PDS Marzahn,ND 29.04.2000,artykuly_nd.txt,14.0,"10-17 Uhr Kundgebungen der PDS Mar zahn, Allee der Kosmonauten, Alt-Mar zahn, Freizeitforum Marzahn, S-Bahnhöfe Biesdorf, Poelchaustraße, Ahrensfelde"
39,2000,Prenzlauer Berg,Bündnisfest auf dem Humannplatz,ND 29.04.2000,artykuly_nd.txt,14.0,"9-24 Uhr Bündnisfest auf dem Humannplatz, Prenzlauer Berg"
40,2000,Prenzlauer Berg,PDS-Fest Bötzowstraße,ND 29.04.2000,artykuly_nd.txt,14.0,"10-20 Uhr PDS-Fest, Bötzowstraße, Prenzlauer Berg"
41,2000,Hohenschönhausen,Bündnisfest Am Obersee,ND 29.04.2000,artykuly_nd.txt,12.0,"18 Uhr Bündnisfest, Am Obersee, Hohenschönhausen"
42,2000,Köpenick,PDS-Mai-Fest im Luisenhain,ND 29.04.2000,artykuly_nd.txt,14.0,"13-18 Uhr PDS-Mai-Fest, Luisenhain, Köpenick"
43,2000,Kreuzberg,Bündnis-Mai-Feier auf dem Mariannenplatz,ND 29.04.2000,artykuly_nd.txt,14.0,"13-21 Uhr Bündnis-Mai-Feier, Mariannenplatz, Kreuzberg"
44,2000,Treptow,PDS-Mai-Fest im Springborn-Club,ND 29.04.2000,artykuly_nd.txt,14.0,"14-18 Uhr, PDS-Mai-Fest, Springborn- Club, Treptow-Johannisthal"
45,2005,Hohenschönhausen,Maifest Lichtenberg,"PDS Berlin, Termine 05.04.2005; info links (Die Linke Lichtenberg) 03/2005",info0305.pdf,14.0,"11–18 Uhr Maifest Lichtenberg; Falkenberger Chaussee, zwischen Pablo-Picassound Vincent-van-Gogh-Straße (* Veranstaltungsort: Alfred-Kowalke-Straße 14) BuchTipp Demokratischer Abbruch Ein neues Buch von Daniela Dahn ist immer der Aufmerk…"
46,2005,Köpenick,Maifest Schlossplatz Köpenick,"PDS Berlin, Termine 05.04.2005",artykuly_nd.txt,12.0,"ab 13 Uhr starten die Maifeste. Am Schloßplatz, Altstadt Köpenick, findet ihr das Maifest der Linken Treptow-Köpenick, mit Gregor Gysi, Petra Pau und Katina Schubert. Auch an der Bötzow-Eiche, Bötzowstraße / Am Friedrichshain, findet ein Maifest statt. Mit Elke Breitenbach, Stefan Liebich, Petra Pau und Martina Michels."
47,2005,Kreuzberg,Maifest Mariannenplatz,"PDS Berlin, Termine 05.04.2005",artykuly_nd.txt,7.0,"13 bis 22 Uhr: 1. Mai Fest auf dem Mariannenplatz Kreuzberg, u.a. mit Katina Schubert, Petra Pau und Pascal Meiser (ca."
48,2005,Prenzlauer Berg,Maifest an der Bötzoweiche,"PDS Berlin, Termine 05.04.2005; Zotero: »Botzow-Fest 1. Mai PDS«, s. 8",,0,
49,2005,Treptow,Maifest Springbornclub,"PDS Berlin, Termine 05.04.2005",artykuly_nd.txt,8.7,ab 14 Uhr gleich zwei Maifeiern ein: Im Johannisthaler Springbornclub (Springbornstraße) und im Gerard-Philippe-Klub (Karl-Kunger-Stra-ße).
50,2013,Köpenick,Maifest in Treptow-Köpenick,"Facebook Die Linke, 1.05.2013",artykuly_nd.txt,10.0,"ab 13 Uhr starten die Maifeste. Am Schloßplatz, Altstadt Köpenick, findet ihr das Maifest der Linken Treptow-Köpenick, mit Gregor Gysi, Petra Pau und Katina Schubert. Auch an der Bötzow-Eiche, Bötzowstraße / Am Friedrichshain, findet ein Maifest statt. Mit Elke Breitenbach, Stefan Liebich, Petra Pau und Martina Michels."
51,2013,Hohenschönhausen,Maifest »Bunte Platte«,"Facebook Die Linke, 1.05.2013",artykuly_nd.txt,10.0,"Maifest ""Bunte Platte"" in Hohenschönhausen: Mit dabei auch die Bundestagsabgeordnete Gesine Lötzsch."
52,2017,Hohenschönhausen,Familienfest Hohenschönhausen,Newsletter Die Linke Berlin 21.04.2017,artykuly_nd.txt,14.0,"11 bis 17 Uhr: Familienfest »Bunte Platte« in Hohenschönhausen, Falkenberger Chaussee/ Vincent-van-Gogh-Straße, u.a. mit Michael Grunst und Gesine Lötzsch"
53,2017,Lichtenberg,Markt am Rathaus Lichtenberg,Newsletter Die Linke Berlin 21.04.2017,artykuly_nd.txt,14.0,"11 bis 18 Uhr: Markt am Rathaus Lichtenberg, Frankfurter Allee/Möllendorffstraße, u.a. mit Gesine Lötzsch"
54,2017,Prenzlauer Berg,Fest an der Bötzow-Eiche,Newsletter Die Linke Berlin 21.04.2017,artykuly_nd.txt,14.0,"13 bis 18.30 Uhr: Fest an der Bötzow-Eiche, Ecke Bötzowstraße/ Straße am Friedrichshain (Sozialsenatorin Elke Breitenbach wird anwesend sein)"
55,2017,Treptow,Kiezfest Johannisthal,Newsletter Die Linke Berlin 21.04.2017,artykuly_nd.txt,14.0,"12 bis 20 Uhr: Kiezfest Johannisthal, Springbornstraße 13, Treptow-Köpenick"
56,2017,Köpenick,1. Mai-Fest DIE LINKE Treptow-Köpenick,Newsletter Die Linke Berlin 21.04.2017,artykuly_nd.txt,14.0,"13 bis 18 Uhr: 1. Mai Fest DIE LINKE. Treptow-Köpenick, Schlossplatz, Altstadt Köpenick, u.a. mit Petra Pau und Klaus Lederer (ca."
57,2017,Kreuzberg,1. Mai-Fest auf dem Mariannenplatz,Newsletter Die Linke Berlin 21.04.2017,artykuly_nd.txt,14.0,"13 bis 20 Uhr: 1.Mai-Fest auf dem Mariannenplatz, Kreuzberg (Landesvorsitzende Katina Schubert wird anwesend sein)"
58,2017,Hellersdorf,1. Mai-Fest Cecilienplatz,Newsletter Die Linke Berlin 21.04.2017,artykuly_nd.txt,14.0,"14 bis 18 Uhr: 1.Mai-Fest, Cecilienplatz, Nähe U-Bahnhof Kaulsdorf-Nord, 12619 Berlin"
59,2018,Hohenschönhausen,Familienfest »Bunte Platte«,ND,artykuly_nd.txt,14.0,"11 bis 17 Uhr: Familienfest »Bunte Platte« in Hohenschönhausen, Falkenberger Chaussee/ Vincent-van-Gogh-Straße, u.a. mit Michael Grunst und Gesine Lötzsch"
60,2018,Lichtenberg,Markt am Rathaus Lichtenberg,ND,artykuly_nd.txt,14.0,"11 bis 18 Uhr: Markt am Rathaus Lichtenberg, Frankfurter Allee/Möllendorffstraße, u.a. mit Gesine Lötzsch"
61,2018,Prenzlauer Berg,Fest an der Bötzow-Eiche,ND,artykuly_nd.txt,14.0,"13 bis 18.30 Uhr: Fest an der Bötzow-Eiche, u.a. mit Katina Schubert, Pascal Meiser (ca."
62,2018,Köpenick,1. Mai Fest DIE LINKE Treptow-Köpenick,ND,artykuly_nd.txt,14.0,"13 bis 18 Uhr: 1. Mai Fest DIE LINKE. Treptow-Köpenick, Schlossplatz, Altstadt Köpenick, u.a. mit Petra Pau und Klaus Lederer (ca."
63,2018,Kreuzberg,1. Mai Fest auf dem Mariannenplatz,ND,artykuly_nd.txt,14.0,"13 bis 22 Uhr: 1. Mai Fest auf dem Mariannenplatz Kreuzberg, u.a. mit Katina Schubert, Petra Pau und Pascal Meiser (ca."
64,2019,Hohenschönhausen,Bunte-Platte-Fest,strona wydarzenia Die Linke Berlin; info links (Die Linke Lichtenberg) 05/2019,info0519.pdf,12.0,"10 Uhr Schutz der Grundrechte Bunte-Platte-Fest am Warnitzer Bogen Für welche Sicherheitspolitik steht Trend der Gesetzesverschärfungen weile mehrere gemeinsame Projekte z 7.5.,"
65,2019,Lichtenberg,Spectaculum am lichten Berg,Newsletter Die Linke Berlin; info links (Die Linke Lichtenberg) 05/2019,artykuly_nd.txt,10.8,"11 bis 18 Uhr: Markt am Rathaus Lichtenberg, Frankfurter Allee/Möllendorffstraße, u.a. mit Gesine Lötzsch"
66,2019,Köpenick,Maifest auf dem Schlossplatz Köpenick,"Newsletter Die Linke Berlin; blättchen (Die Linke Treptow-Köpenick) 250, maj 2019",artykuly_nd.txt,12.0,"ab 13 Uhr starten die Maifeste. Am Schloßplatz, Altstadt Köpenick, findet ihr das Maifest der Linken Treptow-Köpenick, mit Gregor Gysi, Petra Pau und Katina Schubert. Auch an der Bötzow-Eiche, Bötzowstraße / Am Friedrichshain, findet ein Maifest statt. Mit Elke Breitenbach, Stefan Liebich, Petra Pau und Martina Michels."
67,2019,Prenzlauer Berg,Maifest an der Bötzow-Eiche,Newsletter Die Linke Berlin »Maifeierlichkeiten«,artykuly_nd.txt,12.0,"ab 13 Uhr starten die Maifeste. Am Schloßplatz, Altstadt Köpenick, findet ihr das Maifest der Linken Treptow-Köpenick, mit Gregor Gysi, Petra Pau und Katina Schubert. Auch an der Bötzow-Eiche, Bötzowstraße / Am Friedrichshain, findet ein Maifest statt. Mit Elke Breitenbach, Stefan Liebich, Petra Pau und Martina Michels."
68,2019,Kreuzberg,1. Mai Fest auf dem Mariannenplatz,Newsletter Die Linke Berlin »Maifeierlichkeiten«,artykuly_nd.txt,12.0,"13 bis 22 Uhr: 1. Mai Fest auf dem Mariannenplatz Kreuzberg, u.a. mit Katina Schubert, Petra Pau und Pascal Meiser (ca."
69,2010,Hohenschönhausen,Stadtteilfest »Bunte Platte«,Berliner Morgenpost 29.04.2010,,0,
70,2012,Hohenschönhausen,Familienfest »Bunte Platte«,Berliner Zeitung 30.04.2012; info links (Die Linke Lichtenberg) 03/2012,,0,
71,2012,Lichtenberg,Gegenkundgebung vor dem Lindencenter,Berliner Zeitung 30.04.2012,bunte_platte_2010_2012.txt,7.0,"Tollensestraße und von 14.30 Der Bezirksverband der Linkspartei hat zu einer Gegenkundgebung aufgerufen, die"
72,2012,Kreuzberg,Fest der Linken auf dem Mariannenplatz,Berliner Zeitung 30.04.2012,bunte_platte_2010_2012.txt,8.7,"19 Uhr auch das Fest der Linken statt, mit Ständen und Politik-Diskussionen. Auch die zentrale Kindersammelstelle"
73,1994,Spandau,Tanz in den Mai,BZ 28.04.1994,DE_1990-2019.md,12.0,"Um 18 Uhr startet die Frauendemonstration am Alex,** und bei Einbruch der Dunkelheit beginnt **hinter dem Planetarium in Prenzlauer Berg der Hexentanz.** Ebenfalls um **"
74,1994,Prenzlauer Berg,Tanz in den Mai,BZ 28.04.1994,,0,
75,1994,Friedrichshain,Maifest der PDS Friedrichshain und Lichtenberg,nd 27.04.1994,,0,
76,1994,Köpenick,Maifeier im Luisenhain,nd 27.04.1994,artykuly_nd.txt,9.0,"14-18 Uhr, Luisenhain, Marzahn,"
77,1994,Hohenschönhausen,1. Mai-Fest im Oberseepark,nd 27.04.1994,,0,
78,1994,Hohenschönhausen,Maifeier der SPD Hohenschönhausen,nd 27.04.1994,,0,
79,1994,Köpenick,Volksfest der SPD im Schlosshof,BZ 28.04.1994,DE_1990-2019.md,12.0,"**14:00** – Volksfest SPD w Köpenick, Schlosshof #SPD i Pankow, Breite Strasse (BZ 28.04.1994)"
80,1994,Pankow,Volksfest der SPD,BZ 28.04.1994,DE_1990-2019.md,12.0,"**14:00** – Volksfest SPD w Köpenick, Schlosshof #SPD i Pankow, Breite Strasse (BZ 28.04.1994)"
81,1995,Neukölln,Tanz in den Mai,rocznik DE,,0,
82,1995,Wedding,Tanz in den Mai,rocznik DE,,0,
83,1995,Buch,Maifest im Schloßpark Buch,rocznik DE,,0,
84,1995,Hohenschönhausen,Maifeier am Orankebad,rocznik DE,,0,
85,2004,Prenzlauer Berg,15. Kiezfest an der Bötzow-Eiche,"Zotero: »Botzow-Fest 1. Mai PDS«, s. 12",(brak w repo),,
86,2007,Prenzlauer Berg,1. Mai-Fest an der Bötzow-Eiche,Zotero: »Botzow-Fest 1. Mai PDS«,(brak w repo),,
87,2008,Prenzlauer Berg,1. Mai-Fest an der Bötzoweiche,"Zotero: »Botzow-Fest 1. Mai PDS«, s. 8",(brak w repo),,
88,2009,Prenzlauer Berg,1. Mai-Fest an der Bötzow-Eiche,"Zotero: »Botzow-Fest 1. Mai PDS«, s. 8",(brak w repo),,
89,2010,Prenzlauer Berg,Maifest der LINKEN Pankow an der Bötzoweiche,"Zotero: »Botzow-Fest 1. Mai PDS«, s. 8",(brak w repo),,
90,2011,Prenzlauer Berg,1. Mai Fest an der Bötzoweiche,"Zotero: »Botzow-Fest 1. Mai PDS«, s. 8",(brak w repo),,
91,2012,Prenzlauer Berg,1. Mai-Fest an der Bötzoweiche,"Zotero: »Botzow-Fest 1. Mai PDS«, s. 7",(brak w repo),,
92,2013,Prenzlauer Berg,1. Mai Fest an der Bötzoweiche,"Zotero: »Botzow-Fest 1. Mai PDS«, s. 7",(brak w repo),,
93,2015,Prenzlauer Berg,1. Mai-Fest an der Bötzoweiche,"Zotero: »Botzow-Fest 1. Mai PDS«, s. 7",(brak w repo),,
94,2003,Hohenschönhausen,Bürgerdemo und -kundgebung »Gegen rechte Gewalt«,info links (Die Linke Lichtenberg) 03/2003,Ausgabe%2003%20-%20%202003%20vom%2003.04.03.pdf,7.0,"10.30 Uhr: Stellplatz Demo: Falkenberger Chaussee/Höhe Kirche bis Ecke Vincentvan-Gogh-Straße,"
95,2003,Hohenschönhausen,Maifest am Obersee,info links (PDS Lichtenberg) 03/2003,Ausgabe%2003%20-%20%202003%20vom%2003.04.03.pdf,6.7,
96,2006,Hohenschönhausen,Familienfest Falkenberger Chaussee,info links (Die Linke Lichtenberg) 03/2006,info0306.pdf,10.3,"ab 11 Uhr: Falkenberger Chaussee/Vincent-van-Gogh-Straße (mit einem Stand der Linkspartei),"
97,2006,Lichtenberg,Familienfest am Rathaus,info links (Die Linke Lichtenberg) 03/2006,info0306.pdf,8.0,"ab 12 Uhr: Frankfurter Allee/Möllendorffstraße Veranstaltungsort: *Alfred-Kowalke-Straße 14, **Ahrenshooper St…"
98,2007,Hohenschönhausen,Lichtenberger Familienfest,info links (Die Linke Lichtenberg) 03/2007,info0307.pdf,13.0,"11 –18 Uhr LichtenbergerFam ilienfest;Warnitzer Bogen,FalkenbergerChaussee/Ecke Pablo-Picasso-Straße G Dienstag, 1.5.,"
99,2010,Lichtenberg,Sportfest »Der Gewalt einen Korb geben«,info links (Die Linke Lichtenberg) 03/2010,info0310.pdf,12.0,"2 –18 Uhr Sportfest„DerGewalteinen Korbgeben “, FrankfurterAllee,EckeMöllendorffstraße G Sonnabend, 8 .5. 65 .JahrestagderB efreiung vom Faschis - m us, Kranzniederlegungen :"
100,2012,Lichtenberg,Familiensportfest »Der Gewalt einen Korb geben«,info links (Die Linke Lichtenberg) 03/2012,info0312.pdf,14.0,12 – 18 Uhr: Familiensportfest „Der Gewalt einen Korb geben“; Möllendorffstraße
101,2015,Hohenschönhausen,Maifest auf der Falkenberger Festwiese,info links (Die Linke Lichtenberg) 03/2015,info0315.pdf,8.7,ab 11 Uhr DIE LINKE. Lichtenberg ist beim Maifest auf der Falkenberger Fest - wiese dabei! MIT RA T & TAT SPRECHSTUNDEN TERMINE Öffnungszeiten der Geschäfts - stelle der LINKEN in der Alfre dKowalk e-Straße 14:
102,2007,Köpenick,Maifest »Venceremos!«,blättchen (Die Linke Treptow-Köpenick) 05/2007,Blaettchen_Mai_07.pdf,7.0,18 Uhr Schlossplatz Köpenick
103,2008,Köpenick,Maifete im Frauentog,"blättchen (Die Linke Treptow-Köpenick) 139, maj 2008",Blaettchen_139_Mai08.pdf,14.0,"13-18 Uhr Maifete im Frauentog, Altstadt Köpenick MO 5.5. 17:00 Basistreffen: Konzept zur Mitgliedergewinnung und –pflege,"
104,2009,Köpenick,Maifest im Frauentog,"blättchen (Die Linke Treptow-Köpenick) 148, kwiecien 2009",Blaettchen_148_april_09.pdf,11.5,"13-18 Uhr, Frauentog (Schlossplatz) Köpenick Gregor Gysi sowie Landes- und Bezirkspolitiker vor Ort, Marktstände, Bühnenprogramme, gastronomische Versorgung 8. Mai, Tag der Befreiung"
105,2010,Köpenick,Maifest am Schloßplatz,"blättchen (Die Linke Treptow-Köpenick) 160, 29.04.2010",Blaettchen_160_mai_2010.pdf,14.0,"13 – 18 Uhr Maifest am Schloßplatz Köpenick. Mit Musik, Gesprächsrunden und gastronomischer Versorgung."
106,2011,Köpenick,Maifest der Partei DIE LINKE,"blättchen (Die Linke Treptow-Köpenick) 169, kwiecien 2011",Blaettchen_169_April_2011_neu.pdf,14.0,"13–18 Uhr Uhr Maifest der Partei DIE LINKE, Frauentog Altstadt Köpenick. So 1.5."
107,2012,Köpenick,Maifest am Frauentog,"blättchen (Die Linke Treptow-Köpenick) 180, kwiecien 2012",Blaettchen_169_April_2011_neu.pdf,10.0,"13–18 Uhr Uhr Maifest der Partei DIE LINKE, Frauentog Altstadt Köpenick. So 1.5."
108,2014,Köpenick,Maifest der LINKEN Treptow-Köpenick,"blättchen (Die Linke Treptow-Köpenick) 201, 03.04.2014",Blaettchen_201_April_2014.pdf,14.0,13 – 19 Uhr Maifest der LINKEN Treptow-Köpenick am Schloßplatz Köpenick. Programm siehe Seite 1. Do 1.5.
109,2015,Köpenick,Maifest der LINKEN Treptow-Köpenick,"blättchen (Die Linke Treptow-Köpenick) 211, kwiecien 2015",Blaettchen_211_April_2015.pdf,14.0,13–18 Uhr Maifest der LINKEN Treptow-Köpenick am Schloßplatz Köpenick. DO 1.5.
110,2016,Köpenick,Maifest der LINKEN Treptow-Köpenick,"blättchen (Die Linke Treptow-Köpenick) 221, kwiecien 2016",Blaettchen_221_April_2016.pdf,14.0,13–18 Uhr Maifest der LINKEN Treptow-Köpenick auf demSchloßplatz Köpenick. ·
111,2007,Treptow,16. Kiez-Fete rund um den Springbornclub,blättchen (Die Linke Treptow-Köpenick) 05/2007,,0,
112,2009,Treptow,Kiezfete im Springbornklub,"blättchen (Die Linke Treptow-Köpenick) 148, kwiecien 2009",Blaettchen_148_april_09.pdf,9.0,"13-18 Uhr, Kiezfete im Springbornklub Joahnnisthal"
113,2010,Treptow,Kiezfest im Springbornklub,"blättchen (Die Linke Treptow-Köpenick) 160, 29.04.2010",Blaettchen_160_mai_2010.pdf,11.5,"13 – 18 Uhr Kiezfest im Springbornklub Johannisthal. Gesprächsrunden, Musik, Kinderfest, gastronomische Versorgung. Ausgabe Nr. 160"
114,2011,Treptow,20. Kiezfest Berlin-Johannisthal,"blättchen (Die Linke Treptow-Köpenick) 169, kwiecien 2011",Blaettchen_169_April_2011_neu.pdf,12.0,12–22 Uhr 20. Kiezfest BerlinJohannisthal. Mit Bürgermeisterkandidatin Ines Feierabend und anderen Gästen in der Talkrunde (ca.
115,2012,Treptow,Kiezfest im Springbornclub,"blättchen (Die Linke Treptow-Köpenick) 180, kwiecien 2012",Blaettchen_180_April_2012.pdf,11.5,"13 – 18 Uhr, Springbornclub Johannisthal / Treptow 13.00 Eröffnung 13.15 Kindertanzgruppe 13.45 Gespräch Bezirksstadträte 14.30 Gespräch mit Klaus Lederer…"
116,2014,Treptow,23. Kiezfest der BO'n Johannisthal,"blättchen (Die Linke Treptow-Köpenick) 201, 03.04.2014",Blaettchen_201_April_2014.pdf,14.0,"13 – 18 Uhr 23. Kiezfest der BO’n Johannisthal der LINKEN im Springbornclub, Springbornstraße 53, 12487 Berlin Mit Musik, Tanz, Talk-Runden und Kinderfest 8 blättchen Weitere Termine der Partei DIE LINKE finden Sie auf Seite 7 TERMINE +++…"
117,2015,Treptow,24. Kiezfest der BO'n Johannisthal,"blättchen (Die Linke Treptow-Köpenick) 211, kwiecien 2015",Blaettchen_201_April_2014.pdf,14.0,"13 – 18 Uhr 23. Kiezfest der BO’n Johannisthal der LINKEN im Springbornclub, Springbornstraße 53, 12487 Berlin Mit Musik, Tanz, Talk-Runden und Kinderfest 8 blättchen Weitere Termine der Partei DIE LINKE finden Sie auf Seite 7 TERMINE +++…"
118,2016,Treptow,25. Kiezfest der LINKEN im Springbornclub,"blättchen (Die Linke Treptow-Köpenick) 221, kwiecien 2016",Blaettchen_221_April_2016.pdf,14.0,14–19 Uhr 25. Kiezfest der LINKEN im Springbornclub Johannisthal So. 8.5.
