id_bazowy,id
1999_DE_wiec_NIEZNANY,1999_DE_wiec_NIEZNANY
1999_DE_wiec_NIEZNANY,1999_DE_wiec_NIEZNANY_a
1999_DE_wiec_NIEZNANY,1999_DE_wiec_NIEZNANY_b
2001_DE_wiec_NIEZNANY,2001_DE_wiec_NIEZNANY
2001_DE_wiec_NIEZNANY,2001_DE_wiec_NIEZNANY_a
2001_DE_wiec_NIEZNANY,2001_DE_wiec_NIEZNANY_b
2001_DE_wiec_NIEZNANY,2001_DE_wiec_NIEZNANY_c
2001_DE_wiec_NIEZNANY,2001_DE_wiec_NIEZNANY_d
2001_DE_wiec_NIEZNANY,2001_DE_wiec_NIEZNANY_e
2002_DE_wiec_NIEZNANY,2002_DE_wiec_NIEZNANY
2002_DE_wiec_NIEZNANY,2002_DE_wiec_NIEZNANY_a
2002_DE_wiec_NIEZNANY,2002_DE_wiec_NIEZNANY_b
2003_DE_wiec_NIEZNANY,2003_DE_wiec_NIEZNANY
2003_DE_wiec_NIEZNANY,2003_DE_wiec_NIEZNANY_a
2004_DE_wiec_NIEZNANY,2004_DE_wiec_NIEZNANY
2004_DE_wiec_NIEZNANY,2004_DE_wiec_NIEZNANY_a
2005_DE_wiec_NIEZNANY,2005_DE_wiec_NIEZNANY
2005_DE_wiec_NIEZNANY,2005_DE_wiec_NIEZNANY_a
2006_DE_wiec_NIEZNANY,2006_DE_wiec_NIEZNANY
2006_DE_wiec_NIEZNANY,2006_DE_wiec_NIEZNANY_a
2006_DE_wiec_NIEZNANY,2006_DE_wiec_NIEZNANY_b
2007_DE_wiec_NIEZNANY,2007_DE_wiec_NIEZNANY
2007_DE_wiec_NIEZNANY,2007_DE_wiec_NIEZNANY_a
2007_DE_wiec_NIEZNANY,2007_DE_wiec_NIEZNANY_b
2008_DE_wiec_NIEZNANY,2008_DE_wiec_NIEZNANY
2008_DE_wiec_NIEZNANY,2008_DE_wiec_NIEZNANY_a
2008_DE_wiec_NIEZNANY,2008_DE_wiec_NIEZNANY_b
2009_DE_wiec_NIEZNANY,2009_DE_wiec_NIEZNANY
2009_DE_wiec_NIEZNANY,2009_DE_wiec_NIEZNANY_a
2009_DE_wiec_NIEZNANY,2009_DE_wiec_NIEZNANY_b
2010_DE_wiec_NIEZNANY,2010_DE_wiec_NIEZNANY
2010_DE_wiec_NIEZNANY,2010_DE_wiec_NIEZNANY_a
2010_DE_wiec_NIEZNANY,2010_DE_wiec_NIEZNANY_b
2011_DE_wiec_NIEZNANY,2011_DE_wiec_NIEZNANY
2011_DE_wiec_NIEZNANY,2011_DE_wiec_NIEZNANY_a
2011_DE_wiec_NIEZNANY,2011_DE_wiec_NIEZNANY_b
2012_DE_wiec_NIEZNANY,2012_DE_wiec_NIEZNANY
2012_DE_wiec_NIEZNANY,2012_DE_wiec_NIEZNANY_a
2013_DE_wiec_NIEZNANY,2013_DE_wiec_NIEZNANY
2013_DE_wiec_NIEZNANY,2013_DE_wiec_NIEZNANY_a
2014_DE_wiec_NIEZNANY,2014_DE_wiec_NIEZNANY
2014_DE_wiec_NIEZNANY,2014_DE_wiec_NIEZNANY_a
2015_DE_wiec_NIEZNANY,2015_DE_wiec_NIEZNANY
2015_DE_wiec_NIEZNANY,2015_DE_wiec_NIEZNANY_a
2015_DE_wiec_NIEZNANY,2015_DE_wiec_NIEZNANY_b
2017_DE_wiec_NIEZNANY,2017_DE_wiec_NIEZNANY
2017_DE_wiec_NIEZNANY,2017_DE_wiec_NIEZNANY_a
2018_DE_wiec_NIEZNANY,2018_DE_wiec_NIEZNANY
2018_DE_wiec_NIEZNANY,2018_DE_wiec_NIEZNANY_a
2019_DE_wiec_NIEZNANY,2019_DE_wiec_NIEZNANY
2019_DE_wiec_NIEZNANY,2019_DE_wiec_NIEZNANY_a
2013_DE_demonstracja_NIEZNANY,2013_DE_demonstracja_NIEZNANY
2013_DE_demonstracja_NIEZNANY,2013_DE_demonstracja_NIEZNANY_a
2016_DE_demonstracja_NIEZNANY,2016_DE_demonstracja_NIEZNANY
2016_DE_demonstracja_NIEZNANY,2016_DE_demonstracja_NIEZNANY_a
2016_DE_demonstracja_NIEZNANY,2016_DE_demonstracja_NIEZNANY_b
2016_DE_demonstracja_NIEZNANY,2016_DE_demonstracja_NIEZNANY_c
2016_DE_demonstracja_NIEZNANY,2016_DE_demonstracja_NIEZNANY_d
2017_DE_demonstracja_NIEZNANY,2017_DE_demonstracja_NIEZNANY
2017_DE_demonstracja_NIEZNANY,2017_DE_demonstracja_NIEZNANY_a
1993_DE_demonstracja_NIEZNANY,1993_DE_demonstracja_NIEZNANY
1993_DE_demonstracja_NIEZNANY,1993_DE_demonstracja_NIEZNANY_a
1990_DE_wiec_PDS,1990_DE_wiec_PDS
1990_DE_wiec_PDS,1990_DE_wiec_PDS_a
1990_DE_wiec_PDS,1990_DE_wiec_PDS_b
1991_DE_wiec_PDS,1991_DE_wiec_PDS
1991_DE_wiec_PDS,1991_DE_wiec_PDS_a
1991_DE_wiec_PDS,1991_DE_wiec_PDS_b
1993_DE_wiec_PDS,1993_DE_wiec_PDS
1993_DE_wiec_PDS,1993_DE_wiec_PDS_a
1993_DE_wiec_PDS,1993_DE_wiec_PDS_b
1993_DE_wiec_PDS,1993_DE_wiec_PDS_c
1994_DE_wiec_PDS,1994_DE_wiec_PDS
1994_DE_wiec_PDS,1994_DE_wiec_PDS_a
1994_DE_wiec_PDS,1994_DE_wiec_PDS_b
1994_DE_wiec_PDS,1994_DE_wiec_PDS_c
1995_DE_wiec_PDS,1995_DE_wiec_PDS
1995_DE_wiec_PDS,1995_DE_wiec_PDS_a
1995_DE_wiec_PDS,1995_DE_wiec_PDS_b
1995_DE_wiec_PDS,1995_DE_wiec_PDS_c
1996_DE_wiec_PDS,1996_DE_wiec_PDS
1996_DE_wiec_PDS,1996_DE_wiec_PDS_a
1996_DE_wiec_PDS,1996_DE_wiec_PDS_b
1996_DE_wiec_PDS,1996_DE_wiec_PDS_c
1997_DE_wiec_PDS,1997_DE_wiec_PDS
1997_DE_wiec_PDS,1997_DE_wiec_PDS_a
1997_DE_wiec_PDS,1997_DE_wiec_PDS_b
1997_DE_wiec_PDS,1997_DE_wiec_PDS_c
1998_DE_wiec_PDS,1998_DE_wiec_PDS
1998_DE_wiec_PDS,1998_DE_wiec_PDS_a
1998_DE_wiec_PDS,1998_DE_wiec_PDS_b
1998_DE_wiec_PDS,1998_DE_wiec_PDS_c
1999_DE_wiec_PDS,1999_DE_wiec_PDS
1999_DE_wiec_PDS,1999_DE_wiec_PDS_a
2000_DE_wiec_PDS,2000_DE_wiec_PDS
2000_DE_wiec_PDS,2000_DE_wiec_PDS_a
2001_DE_wiec_PDS,2001_DE_wiec_PDS
2001_DE_wiec_PDS,2001_DE_wiec_PDS_a
2002_DE_wiec_PDS,2002_DE_wiec_PDS
2002_DE_wiec_PDS,2002_DE_wiec_PDS_a
1992_DE_demonstracja_PDS,1992_DE_demonstracja_PDS
1992_DE_demonstracja_PDS,1992_DE_demonstracja_PDS_a
1992_DE_wiec_PDS,1992_DE_wiec_PDS
1992_DE_wiec_PDS,1992_DE_wiec_PDS_a
1992_DE_wiec_PDS,1992_DE_wiec_PDS_b
1994_DE_demonstracja_FAP,1994_DE_demonstracja_FAP
1994_DE_demonstracja_FAP,1994_DE_demonstracja_FAP_a
2000_DE_demonstracja_NPD,2000_DE_demonstracja_NPD
2000_DE_demonstracja_NPD,2000_DE_demonstracja_NPD_a
2002_DE_demonstracja_NPD,2002_DE_demonstracja_NPD
2002_DE_demonstracja_NPD,2002_DE_demonstracja_NPD_a
2010_DE_demonstracja_NPD,2010_DE_demonstracja_NPD
2010_DE_demonstracja_NPD,2010_DE_demonstracja_NPD_a
2010_DE_demonstracja_NPD,2010_DE_demonstracja_NPD_b
2010_DE_demonstracja_NIEZNANY,2010_DE_demonstracja_NIEZNANY
2010_DE_demonstracja_NIEZNANY,2010_DE_demonstracja_NIEZNANY_a
2010_DE_demonstracja_NIEZNANY,2010_DE_demonstracja_NIEZNANY_b
2013_DE_demonstracja_NPD,2013_DE_demonstracja_NPD
2013_DE_demonstracja_NPD,2013_DE_demonstracja_NPD_a
2015_DE_demonstracja_NPD,2015_DE_demonstracja_NPD
2015_DE_demonstracja_NPD,2015_DE_demonstracja_NPD_a
2015_DE_demonstracja_NPD,2015_DE_demonstracja_NPD_b
2016_DE_demonstracja_NPD,2016_DE_demonstracja_NPD
2016_DE_demonstracja_NPD,2016_DE_demonstracja_NPD_a
2016_DE_demonstracja_NPD,2016_DE_demonstracja_NPD_b
2002_DE_demonstracja_NIEZNANY,2002_DE_demonstracja_NIEZNANY
2002_DE_demonstracja_NIEZNANY,2002_DE_demonstracja_NIEZNANY_a
1990_DE_wiec_DGB,1990_DE_wiec_DGB
1990_DE_wiec_DGB,1990_DE_wiec_DGB_a
1990_DE_wiec_DGB,1990_DE_wiec_DGB_b
1990_DE_wiec_DGB,1990_DE_wiec_DGB_c
1990_DE_wiec_DGB,1990_DE_wiec_DGB_d
1990_DE_wiec_DGB,1990_DE_wiec_DGB_e
1990_DE_wiec_DGB,1990_DE_wiec_DGB_f
2002_DE_wiec_DGB,2002_DE_wiec_DGB
2002_DE_wiec_DGB,2002_DE_wiec_DGB_a
2002_DE_wiec_DGB,2002_DE_wiec_DGB_b
2003_DE_wiec_DGB,2003_DE_wiec_DGB
2003_DE_wiec_DGB,2003_DE_wiec_DGB_a
2003_DE_wiec_DGB,2003_DE_wiec_DGB_b
2004_DE_wiec_DGB,2004_DE_wiec_DGB
2004_DE_wiec_DGB,2004_DE_wiec_DGB_a
2005_DE_wiec_DGB,2005_DE_wiec_DGB
2005_DE_wiec_DGB,2005_DE_wiec_DGB_a
1999_DE_wiec_DGB,1999_DE_wiec_DGB
1999_DE_wiec_DGB,1999_DE_wiec_DGB_a
1999_DE_wiec_DGB,1999_DE_wiec_DGB_b
2019_DE_wiec_DGB,2019_DE_wiec_DGB
2019_DE_wiec_DGB,2019_DE_wiec_DGB_a
1991_DE_wiec_DGB,1991_DE_wiec_DGB
1991_DE_wiec_DGB,1991_DE_wiec_DGB_a
1991_DE_wiec_DGB,1991_DE_wiec_DGB_b
1991_DE_wiec_DGB,1991_DE_wiec_DGB_c
1991_DE_wiec_DGB,1991_DE_wiec_DGB_d
1991_DE_wiec_DGB,1991_DE_wiec_DGB_e
1992_DE_wiec_DGB,1992_DE_wiec_DGB
1992_DE_wiec_DGB,1992_DE_wiec_DGB_a
1992_DE_wiec_DGB,1992_DE_wiec_DGB_b
1992_DE_wiec_DGB,1992_DE_wiec_DGB_c
1992_DE_wiec_DGB,1992_DE_wiec_DGB_d
1992_DE_wiec_DGB,1992_DE_wiec_DGB_e
1993_DE_wiec_DGB,1993_DE_wiec_DGB
1993_DE_wiec_DGB,1993_DE_wiec_DGB_a
1993_DE_wiec_DGB,1993_DE_wiec_DGB_b
1993_DE_wiec_DGB,1993_DE_wiec_DGB_c
1993_DE_wiec_DGB,1993_DE_wiec_DGB_d
1993_DE_wiec_DGB,1993_DE_wiec_DGB_e
2006_DE_wiec_DGB,2006_DE_wiec_DGB
2006_DE_wiec_DGB,2006_DE_wiec_DGB_a
2007_DE_wiec_DGB,2007_DE_wiec_DGB
2007_DE_wiec_DGB,2007_DE_wiec_DGB_a
2008_DE_wiec_DGB,2008_DE_wiec_DGB
2008_DE_wiec_DGB,2008_DE_wiec_DGB_a
2009_DE_wiec_DGB,2009_DE_wiec_DGB
2009_DE_wiec_DGB,2009_DE_wiec_DGB_a
2010_DE_wiec_DGB,2010_DE_wiec_DGB
2010_DE_wiec_DGB,2010_DE_wiec_DGB_a
2011_DE_wiec_DGB,2011_DE_wiec_DGB
2011_DE_wiec_DGB,2011_DE_wiec_DGB_a
1994_DE_wiec_DGB,1994_DE_wiec_DGB
1994_DE_wiec_DGB,1994_DE_wiec_DGB_a
1994_DE_wiec_DGB,1994_DE_wiec_DGB_b
1994_DE_wiec_DGB,1994_DE_wiec_DGB_c
1994_DE_wiec_DGB,1994_DE_wiec_DGB_d
1994_DE_wiec_DGB,1994_DE_wiec_DGB_e
1995_DE_wiec_DGB,1995_DE_wiec_DGB
1995_DE_wiec_DGB,1995_DE_wiec_DGB_a
1995_DE_wiec_DGB,1995_DE_wiec_DGB_b
1996_DE_wiec_DGB,1996_DE_wiec_DGB
1996_DE_wiec_DGB,1996_DE_wiec_DGB_a
1996_DE_wiec_DGB,1996_DE_wiec_DGB_b
1997_DE_wiec_DGB,1997_DE_wiec_DGB
1997_DE_wiec_DGB,1997_DE_wiec_DGB_a
1997_DE_wiec_DGB,1997_DE_wiec_DGB_b
1998_DE_wiec_DGB,1998_DE_wiec_DGB
1998_DE_wiec_DGB,1998_DE_wiec_DGB_a
1998_DE_wiec_DGB,1998_DE_wiec_DGB_b
2000_DE_wiec_DGB,2000_DE_wiec_DGB
2000_DE_wiec_DGB,2000_DE_wiec_DGB_a
2000_DE_wiec_DGB,2000_DE_wiec_DGB_b
2000_DE_wiec_DGB,2000_DE_wiec_DGB_c
2001_DE_wiec_DGB,2001_DE_wiec_DGB
2001_DE_wiec_DGB,2001_DE_wiec_DGB_a
2001_DE_wiec_DGB,2001_DE_wiec_DGB_b
2001_DE_wiec_DGB,2001_DE_wiec_DGB_c
1990_DE_demonstracja_DGB,1990_DE_demonstracja_DGB
1990_DE_demonstracja_DGB,1990_DE_demonstracja_DGB_a
1990_DE_demonstracja_DGB,1990_DE_demonstracja_DGB_b
1990_DE_demonstracja_DGB,1990_DE_demonstracja_DGB_c
1991_DE_demonstracja_DGB,1991_DE_demonstracja_DGB
1991_DE_demonstracja_DGB,1991_DE_demonstracja_DGB_a
1991_DE_demonstracja_DGB,1991_DE_demonstracja_DGB_b
1991_DE_demonstracja_DGB,1991_DE_demonstracja_DGB_c
1992_DE_demonstracja_DGB,1992_DE_demonstracja_DGB
1992_DE_demonstracja_DGB,1992_DE_demonstracja_DGB_a
1992_DE_demonstracja_DGB,1992_DE_demonstracja_DGB_b
1992_DE_demonstracja_DGB,1992_DE_demonstracja_DGB_c
1994_DE_demonstracja_DGB,1994_DE_demonstracja_DGB
1994_DE_demonstracja_DGB,1994_DE_demonstracja_DGB_a
1994_DE_demonstracja_DGB,1994_DE_demonstracja_DGB_b
1993_DE_demonstracja_DGB,1993_DE_demonstracja_DGB
1993_DE_demonstracja_DGB,1993_DE_demonstracja_DGB_a
1993_DE_demonstracja_DGB,1993_DE_demonstracja_DGB_b
1996_DE_demonstracja_DGB,1996_DE_demonstracja_DGB
1996_DE_demonstracja_DGB,1996_DE_demonstracja_DGB_a
1996_DE_demonstracja_DGB,1996_DE_demonstracja_DGB_b
1996_DE_demonstracja_DGB,1996_DE_demonstracja_DGB_c
1996_DE_demonstracja_DGB,1996_DE_demonstracja_DGB_d
1997_DE_demonstracja_DGB,1997_DE_demonstracja_DGB
1997_DE_demonstracja_DGB,1997_DE_demonstracja_DGB_a
1997_DE_demonstracja_DGB,1997_DE_demonstracja_DGB_b
1997_DE_demonstracja_DGB,1997_DE_demonstracja_DGB_c
1998_DE_demonstracja_DGB,1998_DE_demonstracja_DGB
1998_DE_demonstracja_DGB,1998_DE_demonstracja_DGB_a
1998_DE_demonstracja_DGB,1998_DE_demonstracja_DGB_b
1999_DE_demonstracja_DGB,1999_DE_demonstracja_DGB
1999_DE_demonstracja_DGB,1999_DE_demonstracja_DGB_a
1999_DE_demonstracja_DGB,1999_DE_demonstracja_DGB_b
2000_DE_demonstracja_DGB,2000_DE_demonstracja_DGB
2000_DE_demonstracja_DGB,2000_DE_demonstracja_DGB_a
2000_DE_demonstracja_DGB,2000_DE_demonstracja_DGB_b
2000_DE_demonstracja_DGB,2000_DE_demonstracja_DGB_c
2001_DE_demonstracja_DGB,2001_DE_demonstracja_DGB
2001_DE_demonstracja_DGB,2001_DE_demonstracja_DGB_a
2001_DE_demonstracja_DGB,2001_DE_demonstracja_DGB_b
2004_DE_demonstracja_DGB,2004_DE_demonstracja_DGB
2004_DE_demonstracja_DGB,2004_DE_demonstracja_DGB_a
2005_DE_demonstracja_DGB,2005_DE_demonstracja_DGB
2005_DE_demonstracja_DGB,2005_DE_demonstracja_DGB_a
2005_DE_demonstracja_DGB,2005_DE_demonstracja_DGB_b
2005_DE_demonstracja_DGB,2005_DE_demonstracja_DGB_c
2006_DE_demonstracja_DGB,2006_DE_demonstracja_DGB
2006_DE_demonstracja_DGB,2006_DE_demonstracja_DGB_a
2007_DE_demonstracja_DGB,2007_DE_demonstracja_DGB
2007_DE_demonstracja_DGB,2007_DE_demonstracja_DGB_a
2008_DE_demonstracja_DGB,2008_DE_demonstracja_DGB
2008_DE_demonstracja_DGB,2008_DE_demonstracja_DGB_a
2009_DE_demonstracja_DGB,2009_DE_demonstracja_DGB
2009_DE_demonstracja_DGB,2009_DE_demonstracja_DGB_a
2010_DE_demonstracja_DGB,2010_DE_demonstracja_DGB
2010_DE_demonstracja_DGB,2010_DE_demonstracja_DGB_a
2011_DE_demonstracja_DGB,2011_DE_demonstracja_DGB
2011_DE_demonstracja_DGB,2011_DE_demonstracja_DGB_a
2017_DE_demonstracja_DGB,2017_DE_demonstracja_DGB
2017_DE_demonstracja_DGB,2017_DE_demonstracja_DGB_a
2018_DE_demonstracja_DGB,2018_DE_demonstracja_DGB
2018_DE_demonstracja_DGB,2018_DE_demonstracja_DGB_a
2018_DE_demonstracja_DGB,2018_DE_demonstracja_DGB_b
2019_DE_demonstracja_DGB,2019_DE_demonstracja_DGB
2019_DE_demonstracja_DGB,2019_DE_demonstracja_DGB_a
2006_DE_korso_DGB,2006_DE_korso_DGB
2006_DE_korso_DGB,2006_DE_korso_DGB_a
2006_DE_korso_DGB,2006_DE_korso_DGB_b
2009_DE_korso_DGB,2009_DE_korso_DGB
2009_DE_korso_DGB,2009_DE_korso_DGB_a
2007_DE_korso_DGB,2007_DE_korso_DGB
2007_DE_korso_DGB,2007_DE_korso_DGB_a
2007_DE_korso_DGB,2007_DE_korso_DGB_b
2011_DE_korso_DGB,2011_DE_korso_DGB
2011_DE_korso_DGB,2011_DE_korso_DGB_a
2012_DE_korso_DGB,2012_DE_korso_DGB
2012_DE_korso_DGB,2012_DE_korso_DGB_a
2013_DE_korso_DGB,2013_DE_korso_DGB
2013_DE_korso_DGB,2013_DE_korso_DGB_a
2014_DE_korso_DGB,2014_DE_korso_DGB
2014_DE_korso_DGB,2014_DE_korso_DGB_a
2016_DE_korso_DGB,2016_DE_korso_DGB
2016_DE_korso_DGB,2016_DE_korso_DGB_a
2015_DE_korso_DGB,2015_DE_korso_DGB
2015_DE_korso_DGB,2015_DE_korso_DGB_a
2005_DE_demonstracja_R1M,2005_DE_demonstracja_R1M
2005_DE_demonstracja_R1M,2005_DE_demonstracja_R1M_a
2005_DE_demonstracja_R1M,2005_DE_demonstracja_R1M_b
2006_DE_demonstracja_R1M,2006_DE_demonstracja_R1M
2006_DE_demonstracja_R1M,2006_DE_demonstracja_R1M_a
2006_DE_demonstracja_R1M,2006_DE_demonstracja_R1M_b
2013_DE_demonstracja_R1M,2013_DE_demonstracja_R1M
2013_DE_demonstracja_R1M,2013_DE_demonstracja_R1M_a
2014_DE_demonstracja_R1M,2014_DE_demonstracja_R1M
2014_DE_demonstracja_R1M,2014_DE_demonstracja_R1M_a
2016_DE_demonstracja_R1M,2016_DE_demonstracja_R1M
2016_DE_demonstracja_R1M,2016_DE_demonstracja_R1M_a
2016_DE_demonstracja_R1M,2016_DE_demonstracja_R1M_b
2016_DE_demonstracja_R1M,2016_DE_demonstracja_R1M_c
2011_DE_demonstracja_R1M,2011_DE_demonstracja_R1M
2011_DE_demonstracja_R1M,2011_DE_demonstracja_R1M_a
2012_DE_demonstracja_R1M,2012_DE_demonstracja_R1M
2012_DE_demonstracja_R1M,2012_DE_demonstracja_R1M_a
2015_DE_demonstracja_R1M,2015_DE_demonstracja_R1M
2015_DE_demonstracja_R1M,2015_DE_demonstracja_R1M_a
1996_DE_demonstracja_R1M,1996_DE_demonstracja_R1M
1996_DE_demonstracja_R1M,1996_DE_demonstracja_R1M_a
1996_DE_demonstracja_R1M,1996_DE_demonstracja_R1M_b
1996_DE_demonstracja_R1M,1996_DE_demonstracja_R1M_c
1996_DE_demonstracja_R1M,1996_DE_demonstracja_R1M_d
1997_DE_demonstracja_R1M,1997_DE_demonstracja_R1M
1997_DE_demonstracja_R1M,1997_DE_demonstracja_R1M_a
1997_DE_demonstracja_R1M,1997_DE_demonstracja_R1M_b
1998_DE_demonstracja_R1M,1998_DE_demonstracja_R1M
1998_DE_demonstracja_R1M,1998_DE_demonstracja_R1M_a
1998_DE_demonstracja_R1M,1998_DE_demonstracja_R1M_b
1998_DE_demonstracja_R1M,1998_DE_demonstracja_R1M_c
1998_DE_demonstracja_R1M,1998_DE_demonstracja_R1M_d
1999_DE_demonstracja_R1M,1999_DE_demonstracja_R1M
1999_DE_demonstracja_R1M,1999_DE_demonstracja_R1M_a
1999_DE_demonstracja_R1M,1999_DE_demonstracja_R1M_b
1999_DE_demonstracja_R1M,1999_DE_demonstracja_R1M_c
1999_DE_demonstracja_R1M,1999_DE_demonstracja_R1M_d
2000_DE_demonstracja_R1M,2000_DE_demonstracja_R1M
2000_DE_demonstracja_R1M,2000_DE_demonstracja_R1M_a
2000_DE_demonstracja_R1M,2000_DE_demonstracja_R1M_b
2000_DE_demonstracja_R1M,2000_DE_demonstracja_R1M_c
2001_DE_demonstracja_R1M,2001_DE_demonstracja_R1M
2001_DE_demonstracja_R1M,2001_DE_demonstracja_R1M_a
2001_DE_demonstracja_R1M,2001_DE_demonstracja_R1M_b
2001_DE_demonstracja_R1M,2001_DE_demonstracja_R1M_c
2001_DE_demonstracja_R1M,2001_DE_demonstracja_R1M_d
2001_DE_demonstracja_R1M,2001_DE_demonstracja_R1M_e
2001_DE_demonstracja_R1M,2001_DE_demonstracja_R1M_f
2002_DE_demonstracja_R1M,2002_DE_demonstracja_R1M
2002_DE_demonstracja_R1M,2002_DE_demonstracja_R1M_a
2002_DE_demonstracja_R1M,2002_DE_demonstracja_R1M_b
2002_DE_demonstracja_R1M,2002_DE_demonstracja_R1M_c
2002_DE_demonstracja_R1M,2002_DE_demonstracja_R1M_d
2003_DE_demonstracja_R1M,2003_DE_demonstracja_R1M
2003_DE_demonstracja_R1M,2003_DE_demonstracja_R1M_a
2004_DE_demonstracja_R1M,2004_DE_demonstracja_R1M
2004_DE_demonstracja_R1M,2004_DE_demonstracja_R1M_a
2004_DE_demonstracja_R1M,2004_DE_demonstracja_R1M_b
2007_DE_demonstracja_R1M,2007_DE_demonstracja_R1M
2007_DE_demonstracja_R1M,2007_DE_demonstracja_R1M_a
2008_DE_demonstracja_R1M,2008_DE_demonstracja_R1M
2008_DE_demonstracja_R1M,2008_DE_demonstracja_R1M_a
2009_DE_demonstracja_R1M,2009_DE_demonstracja_R1M
2009_DE_demonstracja_R1M,2009_DE_demonstracja_R1M_a
2010_DE_demonstracja_R1M,2010_DE_demonstracja_R1M
2010_DE_demonstracja_R1M,2010_DE_demonstracja_R1M_a
2017_DE_demonstracja_R1M,2017_DE_demonstracja_R1M
2017_DE_demonstracja_R1M,2017_DE_demonstracja_R1M_a
2017_DE_demonstracja_R1M,2017_DE_demonstracja_R1M_b
2017_DE_demonstracja_R1M,2017_DE_demonstracja_R1M_c
2017_DE_demonstracja_R1M,2017_DE_demonstracja_R1M_d
2018_DE_demonstracja_R1M,2018_DE_demonstracja_R1M
2018_DE_demonstracja_R1M,2018_DE_demonstracja_R1M_a
2018_DE_demonstracja_R1M,2018_DE_demonstracja_R1M_b
2019_DE_demonstracja_R1M,2019_DE_demonstracja_R1M
2019_DE_demonstracja_R1M,2019_DE_demonstracja_R1M_a
2019_DE_demonstracja_R1M,2019_DE_demonstracja_R1M_b
1990_DE_demonstracja_R1M,1990_DE_demonstracja_R1M
1990_DE_demonstracja_R1M,1990_DE_demonstracja_R1M_a
1990_DE_demonstracja_R1M,1990_DE_demonstracja_R1M_b
1991_DE_demonstracja_R1M,1991_DE_demonstracja_R1M
1991_DE_demonstracja_R1M,1991_DE_demonstracja_R1M_a
1992_DE_demonstracja_R1M,1992_DE_demonstracja_R1M
1992_DE_demonstracja_R1M,1992_DE_demonstracja_R1M_a
1993_DE_demonstracja_R1M,1993_DE_demonstracja_R1M
1993_DE_demonstracja_R1M,1993_DE_demonstracja_R1M_a
1993_DE_demonstracja_R1M,1993_DE_demonstracja_R1M_b
1994_DE_demonstracja_R1M,1994_DE_demonstracja_R1M
1994_DE_demonstracja_R1M,1994_DE_demonstracja_R1M_a
1994_DE_demonstracja_R1M,1994_DE_demonstracja_R1M_b
1994_DE_demonstracja_R1M,1994_DE_demonstracja_R1M_c
1987_DE_demonstracja_R1M,1987_DE_demonstracja_R1M
1987_DE_demonstracja_R1M,1987_DE_demonstracja_R1M_a
