id_bazowy,id,rok,miasto,warstwa,typ,aktor,nazwa,dzielnica,punkt_start,geom_typ,identyczna_geometria,rozroznienie,klucz_zrodlowy
1996_DE_demonstracja_DGB,1996_DE_demonstracja_DGB,1996,DE,DGB,demonstracja,DGB,1996-1999 Demonstration,Mitte,"52.509646,13.378451",LineString,TRUE,"nierozroznione, ta sama geometria",1__mai_berlin_aktualna_14_.geojson#DGB#64#1996
1996_DE_demonstracja_DGB,1996_DE_demonstracja_DGB_a,1996,DE,DGB,demonstracja,DGB,1996-1999 Demonstration,Mitte,"52.509646,13.378451",LineString,TRUE,"nierozroznione, ta sama geometria",1__mai_berlin_aktualna_14_.geojson#DGB#65#1996
1997_DE_demonstracja_DGB,1997_DE_demonstracja_DGB,1997,DE,DGB,demonstracja,DGB,1996-1999 Demonstration,Mitte,"52.509646,13.378451",LineString,TRUE,"nierozroznione, ta sama geometria",1__mai_berlin_aktualna_14_.geojson#DGB#64#1997
1997_DE_demonstracja_DGB,1997_DE_demonstracja_DGB_a,1997,DE,DGB,demonstracja,DGB,1996-1999 Demonstration,Mitte,"52.509646,13.378451",LineString,TRUE,"nierozroznione, ta sama geometria",1__mai_berlin_aktualna_14_.geojson#DGB#66#1997
2002_DE_kontra_Antinazi-Berlin,2002_DE_kontra_Antinazi-Berlin,2002,DE,Neo-Nazi May Day,kontra,Antinazi Berlin,2002 Counter-demonstration,Neu-Hohenschönhausen,"52.568525,13.520651",Point,FALSE,nierozroznione,1__mai_berlin_aktualna_13_.geojson#Neo-Nazi May Day#28#2002
2002_DE_kontra_Antinazi-Berlin,2002_DE_kontra_Antinazi-Berlin_a,2002,DE,Neo-Nazi May Day,kontra,Antinazi Berlin,2002 Counter-demonstration,Neu-Hohenschönhausen,"52.563752,13.506682",Point,FALSE,nierozroznione,1__mai_berlin_aktualna_13_.geojson#Neo-Nazi May Day#29#2002
2002_DE_kontra_Antinazi-Berlin,2002_DE_kontra_Antinazi-Berlin_b,2002,DE,Neo-Nazi May Day,kontra,Antinazi Berlin,2015 – NPD Counterdemonstration,Neu-Hohenschönhausen,"52.566334,13.512089",Point,FALSE,nierozroznione,1__mai_berlin_aktualna_13_.geojson#Neo-Nazi May Day#37#2002
2008_DE_demonstracja_EuroMayDay,2008_DE_demonstracja_EuroMayDay,2008,DE,Euro May Day,demonstracja,EuroMayDay,2008 MayDay Parade,Friedrichshain,"52.511389,13.459392",LineString,FALSE,nierozroznione,umap_backup_1-mai-berlin_aktualna16.umap#Euro May Day#2#2008
2008_DE_demonstracja_EuroMayDay,2008_DE_demonstracja_EuroMayDay_a,2008,DE,Euro May Day,demonstracja,EuroMayDay,MayDay Parade 2008,Friedrichshain,"52.51135,13.459379",LineString,FALSE,nierozroznione,umap_backup_1-mai-berlin_aktualna16.umap#Euro May Day#4#2008
