# Kandydaci wyciagnieci z artykulow w input/nd/. Przejrzyj,
# uzupelnij kolumne pewnosc i przenies dobre wiersze do
# input/dzielnicowe.tsv (kolumny sie zgadzaja, bez odniesienia).
rok	miasto	dzielnica	aktor	nazwa	godzina_od	godzina_do	miejsce	osoby	seria	pewnosc	zrodlo	odniesienie
1996	DE		PDS	(ND-Kollewe). Unter dem Motto „Höchste Zeit für neue Zeiten“ ruft der DGB von Berlin-Brandenburg zur 1.-Mai-Demonstration und zur Kundgebung um 11.30 Uhr vor dem Roten Rathaus. Ab Mittag beginnt auf dem Alex ein großes Volksfest	11:30		an dem sich auch die PDS unter der Losung „Gegen Sozialabbau und Ausgrenzung“ beteiligt. Aufgerufen haben der Arbeitslosenverband und das Ostdeutsche Kuratorium von Verbänden e. V.			do uzupelnienia: dzielnica	ND	files/24474/607735.mai-in-berlin-n-feiern-zentral-und-dezentral.html:25
1996	DE		DGB	Die Demonstrationszüge der Gewerkschaften beginnen 10 Uhr Treffpunkte: OTV-Haus	10:00		Engeldamm; IG Bau, Info-Box Potsdamer Platz; IG Metall-			do uzupelnienia: dzielnica	ND	files/24474/607735.mai-in-berlin-n-feiern-zentral-und-dezentral.html:26
1996	DE		DGB	Haus	12:30		Alte Jakobstraße; DGB, U-Bahnhof Oranienburger Tor; Graue Panther, Brandenburger Tor Die DAG führt einß eigene Mai-Kundgebung ab 12.30 Uhr im Palais am Funkturm durch.			do uzupelnienia: dzielnica	ND	files/24474/607735.mai-in-berlin-n-feiern-zentral-und-dezentral.html:27
1996	DE	Prenzlauer Berg		Von Kreuzberg und Mitte führen zwei Maizüge unter dem Motto „Revolutionäre 1. Mai-Demo“ zum Kollwitzplatz in Prenzlauer Berg - Beginn ist jeweils 13 Uhr auf dem Oranienplatz bzw am Rosa-Luxemburg-Platz	13:00					do uzupelnienia: aktor	ND	files/24474/607735.mai-in-berlin-n-feiern-zentral-und-dezentral.html:28
1996	DE	Hellersdorf		HELLERSDORF: Berliner und Brandenburger werden ab 10 Uhr im Boulevard Kastanienallee erwartet	10:00			Politikern kann man über die Länderfusion diskutieren. Stadträte; Abgeordnete stehen Rede; Antwort. Herrnann Kant; Gisela Steineckert signieren ihre Bücher.		do uzupelnienia: aktor	ND	files/24474/607735.mai-in-berlin-n-feiern-zentral-und-dezentral.html:31
1996	DE			Soziale Projekte	09:30		Vereine und Verbände laden an den Obersee ein. Ein Festumzug beginnt 9.30 Uhr am Lindencenter. Auf der Festwiese am See gibt es neben allerlei Kurzweil eine Talkrunde	Kommunalpoli-		do uzupelnienia: dzielnica, aktor	ND	files/24474/607735.mai-in-berlin-n-feiern-zentral-und-dezentral.html:33
1996	DE	Prenzlauer Berg		PRENZLAUER BERG: „Widerspenstig und lebendig“ soll es von 10-19 Uhr auf dem Humannplatz zugehen -	10:00	19:00		Livemusik; Fußballturnier; Ausstellungen; Infoständen; Kinderfest. Im Diskussionszelt stehen ab 13 Uhr interessante Themen an: Militarismus; deutsche Außenpolitik; Bündnis von unten statt Bündnis für Arbeit; Berliner Haushaltskürzungen als Teil der sozialpolitischen Krise; Abbau demokratischer Rechte.		do uzupelnienia: aktor	ND	files/24474/607735.mai-in-berlin-n-feiern-zentral-und-dezentral.html:35
1996	DE	Marzahn	PDS	MAFjZAHN: „Rot ist der Mai“ heißt t“; ab 13 Uhr bei der Maifete iri Alt-Marzahn. Für die Kinder	13:00		stehen Maibaumklettern, Kremserfahrten, Basteln und Spielen auf dem Programm. Für die Größeren signieien Schriftsteller ihre Bücher, gibt es Infostände. Bezirkspolitiker wie Bürgermeister-Harald Buttler und PDS-Fra'itionschef in der BW Norbert Lüdtke sowie Abgeordnete de$ Bezirkes im Berliner Parlament wie Dagmar Pohle und Margit Barth, dazu Margitta Mächtig, Kreistagsabgeordnete Um Barnim, stellen sich in zwei Gesprächs- und Diskussidnsrunden.			pewna	ND	files/24474/607735.mai-in-berlin-n-feiern-zentral-und-dezentral.html:36
1996	DE			Montag bis Freitag um 5 Uhr	05:00					do uzupelnienia: dzielnica, aktor	ND	files/24474/607735.mai-in-berlin-n-feiern-zentral-und-dezentral.html:65
1992	DE		DGB	(ND). Das Angebot ist vielseitig für all jene	10:00		die nach den Kundgebungen am 1. Mai nicht einfach so nach Hause gehen, sondern	Familie oder Freunden den Tag erleben wollen. Zur Erinnerung: Für 10 Uhr haben die Kritischen Gewerkschafterinnen auf den Alexanderplatz zu einem Zug der Widerspenstigen aus Ost; West unter dem Motto „Alles was uns fehlt; ist die Solidarität“ eingeladen. Um 11 Uhr wird sich auch dieser Zug zur großen Maikundgebung des DGB im Lustgarten einfinden; die entgegen der Meinung der Kritischen Gewerkschafter das Motto trägt: „Solidarität verbindet“.		do uzupelnienia: dzielnica	ND	files/29419/355580.talk-tanz-fruehlings-und-familienfest.html:25
1992	DE	Pankow	PDS	Schön heute heißt es ab 18 Uhr im Haus der PDS Pankow	18:00		Breite Straße 48, „Talk und Tanz in den 1. Mai“. Die Besucher erwartet ein Gespräch	PDS-Kandidatinnen sowie mit Kerstin Kaiser; Andr§ Brie. Ebenfalls heute abend (19		pewna	ND	files/29419/355580.talk-tanz-fruehlings-und-familienfest.html:26
1992	DE	Treptow	PDS	Uhr) ist im Wedding (Weddingstra-ße 6) ein Links-Treff	19:00			der PDS-Fraktionsvorsitzenden Gesine Lötzsch zum Thema „Entscheiden müssen die Betroffenen - PDS Berlin stellt ein Selbstverwaltungsgesetz vor“ angesagt. In Treptow findet heute ab 19 Uhr im Klub der AG Junge Genossinnen in der Grünauer Straße 7 eine Mai-Fete statt.		pewna	ND	files/29419/355580.talk-tanz-fruehlings-und-familienfest.html:27
1992	DE	Weißensee	PDS	Morgen lädt ab 12 Uhr das Haus Am Köllnischen Park zu einem großen Familienfest ein	12:00		14 Uhr startet in Weißensee in der Parkstraße 23 ein Frühlingsfest, ebenso auf der Köpenicker Schloßinsel. Kiezfeste	Gregor Gysi finden am Nachmittag in Alt-Marzahn; Hellersdorf statt. Familiennachmittag ist ab 16 Uhr auch in der „Pankgräfin“ in Pankow gemeinsam mit PDS-Kandidaten		pewna	ND	files/29419/355580.talk-tanz-fruehlings-und-familienfest.html:28
1992	DE	Treptow	PDS	angesagt. In Treptow laden ab 14 Uhr gleich zwei Maifeiern ein: Im Johannisthaler Springbornclub (Springbornstraße) und im Gerard-Philippe-Klub (Karl-Kunger-Stra-ße). Ab 16 Uhr findet im Haus der PDS Pankow.(Breite Straße 48) ein Forum zu aktuellen Fragen der Politik	14:00			dem PDS-Ehrenvorsitzenden Hans Modrow; Mitglied des Bundestages; statt.		pewna	ND	files/29419/355580.talk-tanz-fruehlings-und-familienfest.html:29
1992	DE			Montag bis Freitag um 5 Uhr	05:00					do uzupelnienia: dzielnica, aktor	ND	files/29419/355580.talk-tanz-fruehlings-und-familienfest.html:58
2018	DE	Treptow-Köpenick	Die Linke	DGB-Maidemonstration	10:00			Katina Schubert; Klaus Lederer; Elke Breitenbach; Udo Wolf; Carola Bluhm; Gesine Lötzsch; Pascal Meiser; Petra Pau 12 Uhr: DGB Kundgebung am Brandenburger Tor; auf der Bühne u.a. Elke Breitenbach 11 bis 17 Uhr: Familienfest »Bunte Platte« in Hohenschönhausen; Falkenberger Chaussee/ Vincent-van-Gogh-Straße; u.a. mit Michael Grunst; Gesine Lötzsch 11 bis 18 Uhr: Markt am Rathaus Lichtenberg; Frankfurter Allee/Möllendorffstraße; u.a. mit Gesine Lötzsch 13 bis 18.30 Uhr: Fest an der Bötzow-Eiche; u.a. mit Katina Schubert; Pascal Meiser; Klaus Lederer; Elke Breitenbach; Petra Pau; Stefan Liebich 13 bis 18 Uhr: 1. Mai Fest DIE LINKE. Treptow-Köpenick; Schlossplatz; Altstadt Köpenick; u.a. mit Petra Pau; Klaus Lederer; Katina Schubert 13 bis 22 Uhr: 1. Mai Fest auf dem Mariannenplatz Kreuzberg; u.a. mit Katina Schubert; Petra Pau; Pascal Meiser		pewna	ND	files/29426/index.html:15
2018	DE			Öffnungszeiten: Montag – Donnerstag	10:00	16:00	10:00 – 16:00 Uhr			do uzupelnienia: dzielnica, aktor	ND	files/29426/index.html:60
1993	DE	Friedrichshain	PDS	(ND). Wohin am 1. Mai? Die Frage ist sicher nicht einfach zu beantworten angesichts der vielen Angebote. Selbstredend sollte man ab 14 Uhr beim „Neuen Deutschland“ vorbeischauen	14:00		denn in Innenhof, Foyer und Verlagsgebäude am Franz-Mehring-Platz feiern und diskutieren ND und die PDS Friedrichshain	Lesern; Freunden; Gästen.		pewna	ND	files/29428/416883.feiern-nach-der-mai-demo-ndash-was-ist-wo-los.html:24
1993	DE		DGB	Davor allerdings steht das „Offizielle“	11:00		die Kundgebung des DGB um 11 Uhr im Lustgarten. Den Weg dorthin nehmen vier Demonstrationszüge: die der Gewerkschaften beginnen 9 Uhr ÖTV-Haus, 9.30 Uhr IG-Metall-Haus und 10 Uhr Gewerkschaftshaus. Der			do uzupelnienia: dzielnica	ND	files/29428/416883.feiern-nach-der-mai-demo-ndash-was-ist-wo-los.html:25
1993	DE	Kreuzberg		„Zug der Widerspenstigen formiert sich nach einer Auftaktkundgebung um 9.30 Uhr auf dem Rosa-Luxemburg-Platz. Die „Revolutionäre 1.-Mai-Demo“ beginnt traditionell 13 Uhr am Kreuzberger Oranienplatz	09:30					do uzupelnienia: aktor	ND	files/29428/416883.feiern-nach-der-mai-demo-ndash-was-ist-wo-los.html:26
1993	DE			Zu einem Hof-Info-Fest lädt die DAG ab 12 Uhr in die Blissestraße 2-6 (U-Bahn Blissestr.) ein	12:00					do uzupelnienia: dzielnica, aktor	ND	files/29428/416883.feiern-nach-der-mai-demo-ndash-was-ist-wo-los.html:28
1993	DE	Hellersdorf	PDS	Von 13 bis 23 Uhr wird rund um die PDS-Geschäftsstelle Alt-Marzahn 64 gefeiert. Ein bunter Nachmittag steht in der PDS-Geschäftsstelle Wei-ßensee	13:00	23:00	Parkstraße 23 ab 13 Uhr an. Das Maifest in Hellersdorf beginnt bereits 10 Uhr vor dem Haus der Parteien in der Kastanienallee 6-8. Im Treptower „Springbrunnenclub“ wird ab 13 Uhr zur Maifete geladen. Die PDS Köpenick ruft von 14 bis 17 Uhr zur Maifeier in den Luisenhain.			pewna	ND	files/29428/416883.feiern-nach-der-mai-demo-ndash-was-ist-wo-los.html:31
1993	DE	Kreuzberg		Unter dem Titel Begegnung der Generationen lädt die Arbeiterwohlfahrt Kreuzberg zwischen 15 und 19 Uhr in und	19:00					do uzupelnienia: aktor	ND	files/29428/416883.feiern-nach-der-mai-demo-ndash-was-ist-wo-los.html:32
1993	DE		PDS	Erinnert sei nochmals an die Maifeiern der PDS in der näheren Umgebung Berlins. Jazz	17:00		Literatur und Talk	Regine Hildebrandt; Lothar Bisky; Peter-Michael Diestel in der Potsdamer Breite Straße. Große Fete auch an der Stadtbrücke in Frankfurt/Oder. In Woltersdorf; wo sich mehrere Gemeinden; Vereine einen Mai-„Zweckverband“ bilden; ist der Kabarettist Edgar Külow der Festredner; bevor bis 17 Uhr gefeiert wird. Geheimtip hier für die Kleinsten: Pittiplatsch; Schnatterinchen sind am Nachmittag beim Kinderfest.		do uzupelnienia: dzielnica	ND	files/29428/416883.feiern-nach-der-mai-demo-ndash-was-ist-wo-los.html:34
1993	DE			Montag bis Freitag um 5 Uhr	05:00					do uzupelnienia: dzielnica, aktor	ND	files/29428/416883.feiern-nach-der-mai-demo-ndash-was-ist-wo-los.html:62
1995	DE	Mitte	DGB	Das Berliner Gewerkschaftsfest umfaßt einen Fahrradkorso ab DGB-Haus in der Keithstraße 9.30 Uhr	09:30		eine Demonstration am Moritzplatz um 10 Uhr, eine Kundgebung am Köllnischen Park in Mitte um 11 Uhr sowie anschließend ein Maifest an gleicher Stelle.			pewna	ND	files/29430/546243.mai-mit-herz-und-solidarge-fuehl.html:27
1995	DE		PDS	ein. Ab 13 Uhr werden dort Gesprächsrunden	13:00			Abgeordneten der PDS-Bundestagsgruppe; Berliner Abgeordneten; mit Bewerbern für die Berliner Abgeordnetenhauswahl stattfinden. Kinderfest; Musikprogramm; Informationsstände; natürlich Bratenduft an allen Fronten gehören zur Maifete.		do uzupelnienia: dzielnica	ND	files/29430/546243.mai-mit-herz-und-solidarge-fuehl.html:29
1995	DE	Pankow		im Pankower Bürgerpark läuft ab 14 Uhr ein Maifest	14:00					do uzupelnienia: aktor	ND	files/29430/546243.mai-mit-herz-und-solidarge-fuehl.html:33
1995	DE	Prenzlauer Berg		volutionäre 1. Mai Demonstration. Sie beginnt um 13 Uhr auf dem Oranienplatz in Kreuzberg. Aufrufer sind Anarchisten	13:00		Feministen, Maoisten, ' Autonome, AntiFa's, Hausbesetzer und andere Gruppen. „Imperialismus bedeutet: Ausbeutung, Rassismus, Sexismus, Massenmordkriege, Armut, Umweltzerstörung, und. “, heißt es in einer Erklärung. In Prenzlauer Berg auf dem Humannplatz wollen Antifaschisten ein Zeichen gegen Neonazismus set-'zen.			do uzupelnienia: aktor	ND	files/29430/546243.mai-mit-herz-und-solidarge-fuehl.html:35
1995	DE			Montag bis Freitag um 5 Uhr	05:00					do uzupelnienia: dzielnica, aktor	ND	files/29430/546243.mai-mit-herz-und-solidarge-fuehl.html:64
1997	DE	Mitte	DGB	Die Gewerkschaften rufen zur Kundgebung um 11.30 Uhr vor dem Roten Rathaus auf	11:30		es spricht ÖTV-Vorsitzender Herbert Mai. Zum Marsch Richtung Rathaus treffen sich zuvor um 10 Uhr die verschiedenen Gewerkschaften an verschiedenen Orten in Mitte: ÖTV, CPK, IG-BE, DPG, GEW und HBV am ÖTV-Haus Engeldamm 70, IG Metall, IG Medien, GTB und GHK am IG-Metall-Haus Alte Jakobstraße, IG Bau, GdED, GdP und NGG an der Info-Box Potsdamer Platz. Nach der Kundgebung feiern die Gewerkschafter bis 18 Uhr rund um den Neptunbrunnen	Bühnen-; Kin-		pewna	ND	files/29434/657991.demonstrieren-und-feiern-in-den-mai.html:26
1997	DE	Prenzlauer Berg	PDS	Die zentrale Maifeier der PDS findet auf dem Alexanderplatz statt. Um 12 Uhr beginnt die Kundgebung »sozial und solidarisch«	12:00		auf der u.a. Lothar Bisky, Petra Pau, Christa Luft und Elke Breitenbach (HBV) sprechen. Im Karl-Liebknecht-Haus, Kleine Alexanderstraße 28, werden um 14 Uhr	einer Ausstellung die »Rosa-Luxemburg-Aktionswochen« der PDS eröffnet. Anteilscheine für »Ein Denkmal für Rosa« können dabei erworben werden. Weitere Mai-Veranstaltungen der PDS gibt es in den Bezirken: Kreuzberg; 15-21 Uhr; Mariannenplatz; Prenzlauer Berg; 10-18 Uhr; Humannplatz; Treptow; 14-18 Uhr; Springborn-		pewna	ND	files/29434/657991.demonstrieren-und-feiern-in-den-mai.html:28
1997	DE	Hohenschönhausen	PDS	club Johannisthai	14:00	18:00	Köpenick, 14-18 Uhr, Luisenhain, Marzahn, 13-18 Uhr, Alt-Marzahn 64, Hohenschönhausen, 10-17 Uhr, Oberseepark, Hellersdorf, 11-19 Uhr, Boulevard Kastanienallee. Schon am heutigen 30. April feiern die PDS Wei-ßensee, 14.30-22 Uhr, Herbert-Baum-Straße, und Lichtenberg, ab 19 Uhr, Kulturhaus Karlshorst. Pankow feiert am 2. und 3. Mai das 7. Nordberliner Früh-Links-Fest in der Schönholzer Heide.			pewna	ND	files/29434/657991.demonstrieren-und-feiern-in-den-mai.html:29
1997	DE		SPD	Die SPD schließt sich der Gewerkschafts-Kundgebung an und trifft sich um 10 Uhr am IG-Metall-Haus	10:00		Alte Jakobstraße.			do uzupelnienia: dzielnica	ND	files/29434/657991.demonstrieren-und-feiern-in-den-mai.html:30
1997	DE	Kreuzberg		Eine »revolutionäre Mai-Demo« soll um 13.00 Uhr am Rosa-Luxemburg-Platz starten und über Senefelder Platz	13:00		Hakkescher Markt zum Rosenthaler Platz marschieren. Eine andere autonome Demo der »Revolutionären Kommunisten« beginnt um 11 Uhr	einer Kundgebung auf dem Oranienplatz in Kreuzberg; führt gegen 13 Uhr zum Kottbusser Tor. Beide autonome Demos werden übrigens von einigen tausend uniformierten Beamten »begleitet«; wozu die Berliner Polizei Verstärkung vom Bundesgrenzschutz; aus anderen Bundesländern angefordert hat.		do uzupelnienia: aktor	ND	files/29434/657991.demonstrieren-und-feiern-in-den-mai.html:31
1997	DE			Montag bis Freitag um 5 Uhr	05:00					do uzupelnienia: dzielnica, aktor	ND	files/29434/657991.demonstrieren-und-feiern-in-den-mai.html:88
1998	DE		PDS	(ND-Dittmann). Zu einem großen Straßenfest auf dem Boulevard Kastanienallee lädt die Volkssolidarität am 1. Mai ein. Der unter dem Motto stehende Aufruf »In wachsender Solidarität der Generationen gemeinsam« wurde von über 50 Vereinen	10:00	19:00	freien Trägern, Bürgerinitiativen und dem PDS-Bezirksvorstand unterzeichnet. Die meisten beteiligen sich auch an der Organisation des Maifestes. Von 10 bis 19 Uhr sind auf der Bühne und an vielen Ständen u. a. die »Berliner Stadtmusikanten«, das Kabarett			do uzupelnienia: dzielnica	ND	files/29439/710232.treffpunkt-fuer-kamerafans.html:24
1998	DE			Montag bis Freitag um 5 Uhr	05:00					do uzupelnienia: dzielnica, aktor	ND	files/29439/710232.treffpunkt-fuer-kamerafans.html:83
2000	DE	Hellersdorf	PDS	12.30 Uhr Kundgebung auf dem Alexanderplatz	12:30		Mitte. Es sprechen Gregor Gysi, Christa Luft und Petra Pau. 11 20 Uhr multikulturelles Bündnisfest gegen Rechts, Alice-Salomon-Platz, Hellersdorf.	Gregor Gysi gegen 13.30 Uhr; Petra Pau gegen 14 Uhr ab 9 Uhr Kundgebungen der BW Mar zahn; Eisenacher Straße; Wittenberger Straße; Marzahner Promenade; S-Bhf. Marzahn; Mehrower Allee; U-Bhf. Biesdorf-Süd		do uzupelnienia: aktor z naglowka, nie z linii	ND	files/29441/857877.neptunbrunnen-pds-und-lsaquo-buendnisveranstaltungen.html:24
2000	DE	Marzahn	PDS	10-17 Uhr Kundgebungen der PDS Mar zahn	10:00	17:00	Allee der Kosmonauten, Alt-Mar zahn, Freizeitforum Marzahn, S-Bahnhöfe Biesdorf, Poelchaustraße, Ahrensfelde			pewna	ND	files/29441/857877.neptunbrunnen-pds-und-lsaquo-buendnisveranstaltungen.html:25
2000	DE	Prenzlauer Berg	PDS	9-24 Uhr Bündnisfest auf dem Humannplatz	09:00	24:00	Prenzlauer Berg 10-20 Uhr PDS-Fest, Bötzowstraße, Prenzlauer Berg			pewna	ND	files/29441/857877.neptunbrunnen-pds-und-lsaquo-buendnisveranstaltungen.html:26
2000	DE	Hohenschönhausen	PDS	11 18 Uhr Bündnisfest	18:00		Am Obersee, Hohenschönhausen			do uzupelnienia: aktor z naglowka, nie z linii	ND	files/29441/857877.neptunbrunnen-pds-und-lsaquo-buendnisveranstaltungen.html:27
2000	DE	Köpenick	PDS	13-18 Uhr PDS-Mai-Fest	13:00	18:00	Luisenhain, Köpenick			pewna	ND	files/29441/857877.neptunbrunnen-pds-und-lsaquo-buendnisveranstaltungen.html:28
2000	DE	Kreuzberg	PDS	13-21 Uhr Bündnis-Mai-Feier	13:00	21:00	Mariannenplatz, Kreuzberg			do uzupelnienia: aktor z naglowka, nie z linii	ND	files/29441/857877.neptunbrunnen-pds-und-lsaquo-buendnisveranstaltungen.html:29
2000	DE	Treptow	PDS	14-18 Uhr	14:00	18:00	PDS-Mai-Fest, Springborn- Club, Treptow-Johannisthal			pewna	ND	files/29441/857877.neptunbrunnen-pds-und-lsaquo-buendnisveranstaltungen.html:30
2000	DE		PDS	Montag bis Freitag um 5 Uhr	05:00					do uzupelnienia: dzielnica	ND	files/29441/857877.neptunbrunnen-pds-und-lsaquo-buendnisveranstaltungen.html:58
2005	DE			10 Uhr Kommunalpolitisches Forum e.V	10:00					do uzupelnienia: dzielnica, aktor	ND	files/29445/termine.html:44
2005	DE			17 Uhr Kommunalpolitisches Forum e.V	17:00					do uzupelnienia: dzielnica, aktor	ND	files/29445/termine.html:54
2005	DE			Treff 9 Uhr	09:00		Abmarsch 10 Uhr			do uzupelnienia: dzielnica, aktor	ND	files/29445/termine.html:73
2005	DE			vom Brandenburger Tor zum Roten Rathaus (dort ab 11 Uhr Kundgebung)	11:00					do uzupelnienia: dzielnica, aktor	ND	files/29445/termine.html:74
2017	DE	Hohenschönhausen		Familienfest Hohenschönhausen	11:00	17:00	Falkenberger Chaussee/Vincent-van-Gogh-Straße			do uzupelnienia: aktor	ND	files/29455/index.html:10
2017	DE	Lichtenberg		Markt am Rathaus Lichtenberg	11:00	18:00	Frankfurter Allee/ Möllendorffstraße			do uzupelnienia: aktor	ND	files/29455/index.html:11
2017	DE	Friedrichshain		Fest an der Bötzow-Eiche	13:00	18:30	Ecke Bötzowstraße/ Straße am Friedrichshain (Sozialsenatorin Elke Breitenbach wird anwesend sein)			do uzupelnienia: aktor	ND	files/29455/index.html:12
2017	DE	Treptow-Köpenick		Kiezfest Johannisthal	12:00	20:00	Springbornstraße 13, Treptow-Köpenick			do uzupelnienia: aktor	ND	files/29455/index.html:13
2017	DE	Treptow-Köpenick	Die Linke	1.Mai-Fest	13:00	18:00	DIE LINKE. Treptow-Köpenick, Schloßplatz, Altstadt Köpenick (Landesvorsitzende Katina Schubert wird anwesend sein)			pewna	ND	files/29455/index.html:14
2017	DE	Kreuzberg		1.Mai-Fest auf dem Mariannenplatz	13:00	20:00	Kreuzberg (Landesvorsitzende Katina Schubert wird anwesend sein)			do uzupelnienia: aktor	ND	files/29455/index.html:15
2017	DE			1.Mai-Fest	14:00	18:00	Cecilienplatz, Nähe U-Bahnhof Kaulsdorf-Nord, 12619 Berlin			do uzupelnienia: dzielnica, aktor	ND	files/29455/index.html:16
2017	DE			Wann? 12. Mai 2017	11:00	14:00	11:00-14:00 Uhr Wo? Informationsbüro des EU-Parlaments in Deutschland, Unter den Linden 78, 10117 Berlin			do uzupelnienia: dzielnica, aktor	ND	files/29455/index.html:32
2019	DE		Die Linke	Öffnungszeiten: Montag – Donnerstag	10:00	16:00	10:00 – 16:00 Uhr			do uzupelnienia: dzielnica	ND	files/29457/fest-bunte-platte.html:64
2019	DE		Die Linke	Öffnungszeiten: Montag – Donnerstag	10:00	16:00	10:00 – 16:00 Uhr			do uzupelnienia: dzielnica	ND	files/29459/maifest-am-rathaus.html:63
	DE	Spandau	Die Linke	Morgen ist frei und ihr habt noch nichts vor? Das ist super	10:00		denn Die Linke. Berlin hat ein volles Programm für die Mai-Feierlichkeiten geplant! Los geht es um 10 Uhr zur Demonstration des Deutschen Gewerkschaftsbundes. Wir werden uns Spandauer Straße / Anna-Louisa-Karsch-Straße versammeln, um gemeinsam zum Brandenburger Tor zu laufen. Dort beginnt ab 12 Uhr die Kundgebung des DGB.	Katina Schubert; Elke Breitenbach; Pascal Meiser; Katalin Gennburg .		do uzupelnienia: rok	ND	files/29463/maifeierlichkeiten-mit-der-linken-berlin.html:7
	DE	Hohenschönhausen		Ab 11 Uhr beginnt in Hohenschönhausen das Familienfest	11:00		in der Falkenberger Chaussee / Vincent-Van-Gogh-Straße	Petra Pau; Gesine Lötzsch. In Lichtenberg beginnt ebenso ab 11 Uhr ein Markt; direkt vom Rathaus Lichtenberg; Frankfurter Allee / Möllendorffstraße; mit Sebastian Schlüsselburg; Hendrikje Klein; Gesine Lötzsch.		do uzupelnienia: rok, aktor	ND	files/29463/maifeierlichkeiten-mit-der-linken-berlin.html:8
	DE	Treptow-Köpenick		Und ab 13 Uhr starten die Maifeste. Am Schloßplatz	13:00		Altstadt Köpenick, findet ihr das Maifest der Linken Treptow-Köpenick	Gregor Gysi; Petra Pau; Katina Schubert. Auch an der Bötzow-Eiche; Bötzowstraße / Am Friedrichshain; findet ein Maifest statt. Mit Elke Breitenbach; Stefan Liebich; Petra Pau; Martina Michels.		do uzupelnienia: rok, aktor	ND	files/29463/maifeierlichkeiten-mit-der-linken-berlin.html:9
