rok,miasto,aktor,wydarzenie,liczba,zrodlo,kategoria,plik_zrodlowy
1988,DE,R1M,demonstracja wspolna,7000,Gluckspilz,prasa,FrekwencjaDGB15.xlsx#Dane_Revo_joint
1989,DE,R1M,demonstracja wspolna,10000,Gluckspilz,prasa,FrekwencjaDGB15.xlsx#Dane_Revo_joint
1990,DE,DGB,demonstracja,60000,Junge Welt,prasa,FrekwencjaDGB15.xlsx#Dane
1990,DE,DGB,demonstracja,60000,Neues Deutschland,prasa,FrekwencjaDGB15.xlsx#Dane
1990,DE,DGB,demonstracja,50000,TAZ,prasa,FrekwencjaDGB15.xlsx#Dane
1990,DE,PDS,demonstracja,16000,ND (demo Ost),prasa,FrekwencjaDGB15.xlsx#Dane_Ost_PDS
1990,DE,PDS,demonstracja,15000,taz (demo Ost),prasa,FrekwencjaDGB15.xlsx#Dane_Ost_PDS
1990,DE,R1M,demonstracja wspolna,10000,"(police, Gluckspilz)",policja,FrekwencjaDGB15.xlsx#Dane_Revo_joint
1990,DE,R1M,demonstracja wspolna,15000,"(organisers, Gluckspilz)",organizatorzy,FrekwencjaDGB15.xlsx#Dane_Revo_joint
1991,DE,DGB,demonstracja,10000,rbb,prasa,FrekwencjaDGB15.xlsx#Dane
1991,DE,DGB,demonstracja,5000,"""mehrere Tausend"" (taz)",prasa,FrekwencjaDGB15.xlsx#Dane
1991,DE,DGB,demonstracja,15000,"Christine Bretz, DGB Berlin (taz)",organizatorzy,FrekwencjaDGB15.xlsx#Dane
1991,DE,R1M,demonstracja wspolna,10000,Gluckspilz,,FrekwencjaDGB15.xlsx#Dane_Revo_joint
1991,DE,R1M,demonstracja wspolna,8000,Gluckspilz,policja,FrekwencjaDGB15.xlsx#Dane_Revo_joint
1991,DE,R1M,demonstracja wspolna,20000,Gluckspilz,organizatorzy,FrekwencjaDGB15.xlsx#Dane_Revo_joint
1992,DE,Antifa,kontrdemonstracja,200,Gluckspilz,prasa,FrekwencjaDGB15.xlsx#Dane_Antinazi
1992,DE,DGB,demonstracja,8000,Kronika Berlina,policja,FrekwencjaDGB15.xlsx#Dane
1992,DE,DGB,demonstracja,15000,Berliner Morgenpost DGBG657,prasa,FrekwencjaDGB15.xlsx#Dane
1992,DE,DGB,demonstracja,40000,Neues Deutschland (Kritische Gewerkschaften s.71),prasa,FrekwencjaDGB15.xlsx#Dane
1992,DE,DGB,demonstracja,25000,DGBG000656,organizatorzy,FrekwencjaDGB15.xlsx#Dane
1992,DE,DGB,demonstracja,10000,rbb,prasa,FrekwencjaDGB15.xlsx#Dane
1992,DE,DGB,demonstracja,40000,Berliner Zeitung 2.05.1992,prasa,FrekwencjaDGB15.xlsx#Dane
1992,DE,NPD,demonstracja,50,taz,prasa,FrekwencjaDGB15.xlsx#Dane_Nazi
1992,DE,PDS,demonstracja,6000,Zug der Widerspensigsten (JW),prasa,FrekwencjaDGB15.xlsx#Dane_Ost_PDS
1992,DE,R1M,demonstracja wspolna,12000,Gluckspilz,prasa,FrekwencjaDGB15.xlsx#Dane_Revo_joint
1992,DE,R1M,demonstracja wspolna,9000,"policja, za rbb",policja,FrekwencjaDGB15.xlsx#Dane_Revo_joint
1992,DE,R1M,demonstracja wspolna,15000,Gluckspilz,prasa,FrekwencjaDGB15.xlsx#Dane_Revo_joint
1993,DE,DGB,demonstracja,15000,Taz 3.05,prasa,FrekwencjaDGB15.xlsx#Dane
1993,DE,DGB,demonstracja,30000,Neues Deutschland 3.05; Berliner Zeitung 3.05 za DGB,organizatorzy,FrekwencjaDGB15.xlsx#Dane
1993,DE,DGB,demonstracja,5000,rbb,prasa,FrekwencjaDGB15.xlsx#Dane
1993,DE,NPD,demonstracja,100,Gluckspilz,prasa,FrekwencjaDGB15.xlsx#Dane_Nazi
1993,DE,PDS,demonstracja,6000,ZdW (JW),prasa,FrekwencjaDGB15.xlsx#Dane_Ost_PDS
1993,DE,R1M,demonstracja wspolna,5500,Gluckspilz,policja,FrekwencjaDGB15.xlsx#Dane_Revo_joint
1993,DE,R1M,demonstracja wspolna,10000,Gluckspilz,prasa,FrekwencjaDGB15.xlsx#Dane_Revo_joint
1994,DE,Antifa,kontrdemonstracja,400,taz,prasa,FrekwencjaDGB15.xlsx#Dane_Antinazi
1994,DE,Antifa,kontrdemonstracja,500,Gluckspilz,prasa,FrekwencjaDGB15.xlsx#Dane_Antinazi
1994,DE,DGB,demonstracja,5000,TAZ,prasa,FrekwencjaDGB15.xlsx#Dane
1994,DE,DGB,demonstracja,5000,rbb,prasa,FrekwencjaDGB15.xlsx#Dane
1994,DE,DGB,demonstracja,8000,DGBG664,organizatorzy,FrekwencjaDGB15.xlsx#Dane
1994,DE,NPD,demonstracja,5,Berliner Zeitung,prasa,FrekwencjaDGB15.xlsx#Dane_Nazi
1994,DE,PDS,demonstracja,1000,(Zug PDS) BZ,prasa,FrekwencjaDGB15.xlsx#Dane_Ost_PDS
1994,DE,R1M,demonstracja wspolna,800,Berliner Zeitung,prasa,FrekwencjaDGB15.xlsx#Dane_Revo_joint
1994,DE,R1M,demonstracja wspolna,1000,Gluckspilz,prasa,FrekwencjaDGB15.xlsx#Dane_Revo_joint
1995,DE,DGB,demonstracja,5000,TAZ 2.05,prasa,FrekwencjaDGB15.xlsx#Dane
1995,DE,DGB,demonstracja,6000,Kronika Berlina,prasa,FrekwencjaDGB15.xlsx#Dane
1995,DE,DGB,demonstracja,10000,DGBG664,organizatorzy,FrekwencjaDGB15.xlsx#Dane
1995,DE,DGB,demonstracja,6000,Berliner Morgenpost (DGBB664),prasa,FrekwencjaDGB15.xlsx#Dane
1995,DE,DGB,demonstracja,10000,Berliner Zeitung (DGBB664),prasa,FrekwencjaDGB15.xlsx#Dane
1995,DE,R1M,demonstracja wspolna,2500,Berliner Zeitung,prasa,FrekwencjaDGB15.xlsx#Dane_Revo_joint
1995,DE,R1M,demonstracja wspolna,2000,Gluckspilz,prasa,FrekwencjaDGB15.xlsx#Dane_Revo_joint
1996,DE,Antifa,kontrdemonstracja,40,Breitenbach (JW 3.05),organizatorzy,FrekwencjaDGB15.xlsx#Dane_Antinazi
1996,DE,DGB,demonstracja,20000,TAZ 2.05,prasa,FrekwencjaDGB15.xlsx#Dane
1996,DE,DGB,demonstracja,20000,DPA,prasa,FrekwencjaDGB15.xlsx#Dane
1996,DE,DGB,demonstracja,10000,Junge Welt,prasa,FrekwencjaDGB15.xlsx#Dane
1996,DE,NPD,demonstracja,300,Gluckspilz,prasa,FrekwencjaDGB15.xlsx#Dane_Nazi
1996,DE,NPD,demonstracja,400,jw,prasa,FrekwencjaDGB15.xlsx#Dane_Nazi
1996,DE,PDS,demonstracja,400,"mehrere hundert, rbb",prasa,FrekwencjaDGB15.xlsx#Dane_Ost_PDS
1996,DE,PDS,demonstracja,4000,"""mehrere Tausend"" PDS Kundgebung ~4000, ND",prasa,FrekwencjaDGB15.xlsx#Dane_Ost_PDS
1996,DE,R1M,demonstracja 13:00,3000,Gluckspilz,prasa,FrekwencjaDGB15.xlsx#Dane_Revo13
1996,DE,R1M,demonstracja wieczorna,10000,Gluckspilz,prasa,FrekwencjaDGB15.xlsx#Dane_Revo
1997,DE,DGB,demonstracja,7500,rbb,prasa,FrekwencjaDGB15.xlsx#Dane
1997,DE,DGB,demonstracja,5000,TAZ,prasa,FrekwencjaDGB15.xlsx#Dane
1997,DE,DGB,demonstracja,5000,Kronika Berlina,prasa,FrekwencjaDGB15.xlsx#Dane
1997,DE,DGB,demonstracja,25000,DGBG1329,organizatorzy,FrekwencjaDGB15.xlsx#Dane
1997,DE,DGB,demonstracja,5000,rbb B1 1. Mai Spezial,policja,FrekwencjaDGB15.xlsx#Dane
1997,DE,PDS,demonstracja,5000,rbb B1 1. Mai Spezial,prasa,FrekwencjaDGB15.xlsx#Dane_Ost_PDS
1997,DE,PDS,demonstracja,15000,"PDS Kundgebung (organizatorzy, za ND)",organizatorzy,FrekwencjaDGB15.xlsx#Dane_Ost_PDS
1997,DE,PDS,demonstracja,2000,"Polizei, za ND PDS Kundgebung",policja,FrekwencjaDGB15.xlsx#Dane_Ost_PDS
1997,DE,R1M,demonstracja 13:00,2000,Gluckspilz,prasa,FrekwencjaDGB15.xlsx#Dane_Revo13
1997,DE,R1M,demonstracja wieczorna,9000,Glückspilz,prasa,FrekwencjaDGB15.xlsx#Dane_Revo
1998,DE,DGB,demonstracja,8000,Kronika Berlina,prasa,FrekwencjaDGB15.xlsx#Dane
1998,DE,DGB,demonstracja,20000,dpa,prasa,FrekwencjaDGB15.xlsx#Dane
1998,DE,DGB,demonstracja,10000,TAZ 2.05,prasa,FrekwencjaDGB15.xlsx#Dane
1998,DE,DGB,demonstracja,17500,"DGBG1327 (15000–20000, środek przedziału)",organizatorzy,FrekwencjaDGB15.xlsx#Dane
1998,DE,Mariannenplatz,festyn,1500,taz,prasa,FrekwencjaDGB15.xlsx#Dane_Mariannenplatz
1998,DE,PDS,demonstracja,1000,"PDS Fest, BZ",prasa,FrekwencjaDGB15.xlsx#Dane_Ost_PDS
1998,DE,PDS,demonstracja,12000,PDS Veranstaltung ND,prasa,FrekwencjaDGB15.xlsx#Dane_Ost_PDS
1998,DE,R1M,demonstracja 13:00,1750,Gluckspilz,prasa,FrekwencjaDGB15.xlsx#Dane_Revo13
1998,DE,R1M,demonstracja wieczorna,3000,ND,prasa,FrekwencjaDGB15.xlsx#Dane_Revo
1998,DE,R1M,demonstracja wieczorna,6000,Gluckspilz,policja,FrekwencjaDGB15.xlsx#Dane_Revo
1998,DE,R1M,demonstracja wieczorna,11000,Gluckspilz,organizatorzy,FrekwencjaDGB15.xlsx#Dane_Revo
1999,DE,DGB,demonstracja,10000,Kronika Berlina,prasa,FrekwencjaDGB15.xlsx#Dane
1999,DE,DGB,demonstracja,10000,Tagesspiegel,prasa,FrekwencjaDGB15.xlsx#Dane
1999,DE,DGB,demonstracja,10000,TAZ 3.05,prasa,FrekwencjaDGB15.xlsx#Dane
1999,DE,DGB,demonstracja,7000,policja za taz,policja,FrekwencjaDGB15.xlsx#Dane
1999,DE,DGB,demonstracja,15000,DGB (za Berliner Zeitung 3.05),organizatorzy,FrekwencjaDGB15.xlsx#Dane
1999,DE,PDS,demonstracja,10000,"PDS Kundgebung, ND",prasa,FrekwencjaDGB15.xlsx#Dane_Ost_PDS
1999,DE,R1M,demonstracja 13:00,1500,Gluckspilz,prasa,FrekwencjaDGB15.xlsx#Dane_Revo13
1999,DE,R1M,demonstracja wieczorna,12000,Tagesspiegel,prasa,FrekwencjaDGB15.xlsx#Dane_Revo
1999,DE,R1M,demonstracja wieczorna,15000,Gluckspilz,prasa,FrekwencjaDGB15.xlsx#Dane_Revo
1999,DE,R1M,demonstracja wieczorna,15000,Beliner Zeitung,prasa,FrekwencjaDGB15.xlsx#Dane_Revo
2000,DE,Antifa,kontrdemonstracja,10000,ND,prasa,FrekwencjaDGB15.xlsx#Dane_Antinazi
2000,DE,DGB,demonstracja,18000,Organizatorzy (za Tagesspiegel),organizatorzy,FrekwencjaDGB15.xlsx#Dane
2000,DE,DGB,demonstracja,10000,taz,prasa,FrekwencjaDGB15.xlsx#Dane
2000,DE,DGB,demonstracja,7000,Poicja (za Tagsspl),policja,FrekwencjaDGB15.xlsx#Dane
2000,DE,DGB,demonstracja,12000,DGBAI3702,organizatorzy,FrekwencjaDGB15.xlsx#Dane
2000,DE,DGB,demonstracja,10000,Berliner Kurier,prasa,FrekwencjaDGB15.xlsx#Dane
2000,DE,DGB,demonstracja,10000,Kronika Berlina,prasa,FrekwencjaDGB15.xlsx#Dane
2000,DE,Mariannenplatz,festyn,5000,taz,prasa,FrekwencjaDGB15.xlsx#Dane_Mariannenplatz
2000,DE,NPD,demonstracja,1000,Gluckspilz,prasa,FrekwencjaDGB15.xlsx#Dane_Nazi
2000,DE,PDS,demonstracja,7000,"PDS Kundgebung, ND",prasa,FrekwencjaDGB15.xlsx#Dane_Ost_PDS
2000,DE,PDS,demonstracja,3000,"PDS Kundgebung, BZ",prasa,FrekwencjaDGB15.xlsx#Dane_Ost_PDS
2000,DE,PDS,demonstracja,1000,"PDS Kundgebung, die Welt",prasa,FrekwencjaDGB15.xlsx#Dane_Ost_PDS
2000,DE,R1M,demonstracja 13:00,1000,Gluckspilz,prasa,FrekwencjaDGB15.xlsx#Dane_Revo13
2000,DE,R1M,demonstracja 13:00,800,Berliner Morgenpost,prasa,FrekwencjaDGB15.xlsx#Dane_Revo13
2000,DE,R1M,demonstracja 13:00,2000,taz,prasa,FrekwencjaDGB15.xlsx#Dane_Revo13
2000,DE,R1M,demonstracja wieczorna,5000,Gluckspilz,policja,FrekwencjaDGB15.xlsx#Dane_Revo
2000,DE,R1M,demonstracja wieczorna,20000,Gluckspilz,organizatorzy,FrekwencjaDGB15.xlsx#Dane_Revo
2000,DE,R1M,demonstracja wieczorna,15000,Gluckspilz,prasa,FrekwencjaDGB15.xlsx#Dane_Revo
2001,DE,Antifa,kontrdemonstracja,350,taz,prasa,FrekwencjaDGB15.xlsx#Dane_Antinazi
2001,DE,Antifa,kontrdemonstracja,600,"Tsg, s. 11",prasa,FrekwencjaDGB15.xlsx#Dane_Antinazi
2001,DE,DGB,demonstracja,10000,Tagesspiegel,prasa,FrekwencjaDGB15.xlsx#Dane
2001,DE,DGB,demonstracja,18000,Kronika Berlina,prasa,FrekwencjaDGB15.xlsx#Dane
2001,DE,DGB,demonstracja,18000,Neues Deutschland,prasa,FrekwencjaDGB15.xlsx#Dane
2001,DE,DGB,demonstracja,20000,rbb,prasa,FrekwencjaDGB15.xlsx#Dane
2001,DE,DGB,demonstracja,25000,Berliner Zeitung,prasa,FrekwencjaDGB15.xlsx#Dane
2001,DE,DGB,demonstracja,10000,TAZ 2.05,prasa,FrekwencjaDGB15.xlsx#Dane
2001,DE,Mariannenplatz,festyn,5000,taz,prasa,FrekwencjaDGB15.xlsx#Dane_Mariannenplatz
2001,DE,NPD,demonstracja,100,"TsG, s. 11",prasa,FrekwencjaDGB15.xlsx#Dane_Nazi
2001,DE,PDS,demonstracja,7000,"PDS Kundgebung, Berliner Kurier",prasa,FrekwencjaDGB15.xlsx#Dane_Ost_PDS
2001,DE,PDS,demonstracja,7500,"PDs Kundgebung, ND",prasa,FrekwencjaDGB15.xlsx#Dane_Ost_PDS
2001,DE,R1M,demonstracja 13:00,2000,stressfaktor,prasa,FrekwencjaDGB15.xlsx#Dane_Revo13
2001,DE,R1M,demonstracja 13:00,2500,taz,prasa,FrekwencjaDGB15.xlsx#Dane_Revo13
2001,DE,R1M,demonstracja wieczorna,6000,stressfaktor,prasa,FrekwencjaDGB15.xlsx#Dane_Revo
2001,DE,R1M,demonstracja wieczorna,5000,taz,prasa,FrekwencjaDGB15.xlsx#Dane_Revo
2002,DE,Antifa,kontrdemonstracja,1000,taz,prasa,FrekwencjaDGB15.xlsx#Dane_Antinazi
2002,DE,DGB,demonstracja,10000,rbb,prasa,FrekwencjaDGB15.xlsx#Dane
2002,DE,DGB,demonstracja,25000,Tagesspiegel (za organizatorami),organizatorzy,FrekwencjaDGB15.xlsx#Dane
2002,DE,DGB,demonstracja,12000,Taz 2.05,prasa,FrekwencjaDGB15.xlsx#Dane
2002,DE,DGB,demonstracja,7000,Helbrecht (za policją),policja,FrekwencjaDGB15.xlsx#Dane
2002,DE,NPD,demonstracja,700,Gluckspilz,prasa,FrekwencjaDGB15.xlsx#Dane_Nazi
2002,DE,PDS,demonstracja,3500,PDS Kundgebung Rucht,prasa,FrekwencjaDGB15.xlsx#Dane_Ost_PDS
2002,DE,PDS,demonstracja,1000,PDS Kundgebung rbb,prasa,FrekwencjaDGB15.xlsx#Dane_Ost_PDS
2002,DE,R1M,demonstracja 13:00,4000,Gluckspilz,prasa,FrekwencjaDGB15.xlsx#Dane_Revo13
2002,DE,R1M,demonstracja wieczorna,8000,LÖPA,prasa,FrekwencjaDGB15.xlsx#Dane_Revo
2002,DE,R1M,demonstracja wieczorna,11000,"10-12k (Gluckspilz, stressfaktor)",prasa,FrekwencjaDGB15.xlsx#Dane_Revo
2003,DE,Antifa,kontrdemonstracja,200,LÖPA,prasa,FrekwencjaDGB15.xlsx#Dane_Antinazi
2003,DE,Antifa,kontrdemonstracja,300,taz,prasa,FrekwencjaDGB15.xlsx#Dane_Antinazi
2003,DE,DGB,demonstracja,20000,TAZ 2.05 s.21 za organizatorami,organizatorzy,FrekwencjaDGB15.xlsx#Dane
2003,DE,DGB,demonstracja,7000,Helbrecht (za policją),policja,FrekwencjaDGB15.xlsx#Dane
2003,DE,Mariannenplatz,festyn,20000,"taz; ta sama liczba, co MyFest",prasa,FrekwencjaDGB15.xlsx#Dane_Mariannenplatz
2003,DE,MyFest,festyn,20000,taz 16.01,prasa,FrekwencjaDGB15.xlsx#Dane_MyFest
2003,DE,NPD,demonstracja,1350,"taz, za policją",policja,FrekwencjaDGB15.xlsx#Dane_Nazi
2003,DE,NPD,demonstracja,2000,TsG,prasa,FrekwencjaDGB15.xlsx#Dane_Nazi
2003,DE,R1M,demonstracja 13:00,10000,Gluckspilz,prasa,FrekwencjaDGB15.xlsx#Dane_Revo13
2003,DE,R1M,demonstracja 13:00,3500,"Tsg, police",policja,FrekwencjaDGB15.xlsx#Dane_Revo13
2003,DE,R1M,demonstracja wieczorna,3500,Gluckspilz,prasa,FrekwencjaDGB15.xlsx#Dane_Revo
2004,DE,Antifa,kontrdemonstracja,2300,LÖPA,prasa,FrekwencjaDGB15.xlsx#Dane_Antinazi
2004,DE,Antifa,kontrdemonstracja,4500,Umbruch,prasa,FrekwencjaDGB15.xlsx#Dane_Antinazi
2004,DE,DGB,demonstracja,25000,Die Welt 3.05 / Hamburger Abendblatt 3.05 (organizatorzy),organizatorzy,FrekwencjaDGB15.xlsx#Dane
2004,DE,DGB,demonstracja,12000,Tagesspiegel (za policją),policja,FrekwencjaDGB15.xlsx#Dane
2004,DE,MyFest,festyn,30000,BZ 17.01,prasa,FrekwencjaDGB15.xlsx#Dane_MyFest
2004,DE,NPD,demonstracja,2300,LÖPA,prasa,FrekwencjaDGB15.xlsx#Dane_Nazi
2004,DE,R1M,demonstracja 13:00,5000,Gluckspilz,prasa,FrekwencjaDGB15.xlsx#Dane_Revo13
2004,DE,R1M,demonstracja wieczorna,3500,Umbruch,prasa,FrekwencjaDGB15.xlsx#Dane_Revo
2005,DE,DGB,demonstracja,12000,Strona arch. DGB,organizatorzy,FrekwencjaDGB15.xlsx#Dane
2005,DE,DGB,demonstracja,12000,Berliner Zeitung,prasa,FrekwencjaDGB15.xlsx#Dane
2005,DE,DGB,demonstracja,10000,taz,prasa,FrekwencjaDGB15.xlsx#Dane
2005,DE,DGB,demonstracja,8000,Tagesspiegel,prasa,FrekwencjaDGB15.xlsx#Dane
2005,DE,MyFest,festyn,15000,Helbrecht,policja,FrekwencjaDGB15.xlsx#Dane_MyFest
2005,DE,R1M,demonstracja 13:00,500,Berliner Zeitung,prasa,FrekwencjaDGB15.xlsx#Dane_Revo13
2005,DE,R1M,demonstracja wieczorna,0,,,FrekwencjaDGB15.xlsx#Dane_Revo
2006,DE,DGB,demonstracja,17000,Petra Pau i Berliner Zeitung (za DGB),organizatorzy,FrekwencjaDGB15.xlsx#Dane
2006,DE,DGB,demonstracja,8000,ND,prasa,FrekwencjaDGB15.xlsx#Dane
2006,DE,DGB,demonstracja,25000,Geschäftsbericht,organizatorzy,FrekwencjaDGB15.xlsx#Dane
2006,DE,DGB,demonstracja,10000,taz,prasa,FrekwencjaDGB15.xlsx#Dane
2006,DE,DGB,demonstracja,7500,policja,policja,FrekwencjaDGB15.xlsx#Dane
2006,DE,EuroMayDay,demonstracja,4000,taz liveticker,prasa,FrekwencjaDGB15.xlsx#Euro MayDay
2006,DE,MyFest,festyn,11000,Helbrecht,policja,FrekwencjaDGB15.xlsx#Dane_MyFest
2006,DE,R1M,demonstracja 13:00,50,"mehr Menschen mit Kamera und Fotoapparat unterwegs als Demonstranten"" (taz)",prasa,FrekwencjaDGB15.xlsx#Dane_Revo13
2006,DE,R1M,demonstracja wieczorna,0,,,FrekwencjaDGB15.xlsx#Dane_Revo
2007,DE,DGB,demonstracja,12000,BK 2.05,prasa,FrekwencjaDGB15.xlsx#Dane
2007,DE,DGB,demonstracja,12000,Geschäftsbericht,organizatorzy,FrekwencjaDGB15.xlsx#Dane
2007,DE,DGB,demonstracja,7500,Helbrecht (za policją),policja,FrekwencjaDGB15.xlsx#Dane
2007,DE,EuroMayDay,demonstracja,6000,Berliner Kurier,prasa,FrekwencjaDGB15.xlsx#Euro MayDay
2007,DE,EuroMayDay,demonstracja,8000,Berliner Morgenpost,prasa,FrekwencjaDGB15.xlsx#Euro MayDay
2007,DE,MyFest,festyn,16000,Helbrecht,policja,FrekwencjaDGB15.xlsx#Dane_MyFest
2007,DE,MyFest,festyn,50000,Berliner Kurier,prasa,FrekwencjaDGB15.xlsx#Dane_MyFest
2007,DE,MyFest,festyn,60000,organizatorzy via taz,organizatorzy,FrekwencjaDGB15.xlsx#Dane_MyFest
2007,DE,R1M,demonstracja 13:00,800,Berliner Kurier,prasa,FrekwencjaDGB15.xlsx#Dane_Revo13
2007,DE,R1M,demonstracja 13:00,1000,Berliner Zeitung,prasa,FrekwencjaDGB15.xlsx#Dane_Revo13
2007,DE,R1M,demonstracja wieczorna,3000,police,policja,FrekwencjaDGB15.xlsx#Dane_Revo
2007,DE,R1M,demonstracja wieczorna,5000,Berliner Kurier,prasa,FrekwencjaDGB15.xlsx#Dane_Revo
2007,DE,R1M,demonstracja wieczorna,15000,organisers via BZ,organizatorzy,FrekwencjaDGB15.xlsx#Dane_Revo
2008,DE,DGB,demonstracja,5000,TAZ / BK 2.05 (mehrere Tausend → ~3000),prasa,FrekwencjaDGB15.xlsx#Dane
2008,DE,DGB,demonstracja,20000,Geschäftsbericht,organizatorzy,FrekwencjaDGB15.xlsx#Dane
2008,DE,DGB,demonstracja,6500,weit mehr als 6000 (BZ 2.05.2008),prasa,FrekwencjaDGB15.xlsx#Dane
2008,DE,DGB,demonstracja,5000,Helbrecht (weit weniger als 6000 → ~5000),policja,FrekwencjaDGB15.xlsx#Dane
2008,DE,EuroMayDay,demonstracja,6500,Umbruch,organizatorzy,FrekwencjaDGB15.xlsx#Euro MayDay
2008,DE,MyFest,festyn,20000,Helbrecht,policja,FrekwencjaDGB15.xlsx#Dane_MyFest
2008,DE,R1M,demonstracja 13:00,300,"""einige Hundert"" ~300 (taz)",prasa,FrekwencjaDGB15.xlsx#Dane_Revo13
2008,DE,R1M,demonstracja wieczorna,10000,police via taz,policja,FrekwencjaDGB15.xlsx#Dane_Revo
2008,DE,R1M,demonstracja wieczorna,12000,"""mehr als 10.000"" ~ 12000 (Umbruch)",organizatorzy,FrekwencjaDGB15.xlsx#Dane_Revo
2009,DE,Antifa,kontrdemonstracja,3500,Polizeiliche darstellung,policja,FrekwencjaDGB15.xlsx#Dane_Antinazi
2009,DE,DGB,demonstracja,20000,TAZ liveticker (za organizatorami),organizatorzy,FrekwencjaDGB15.xlsx#Dane
2009,DE,DGB,demonstracja,18000,Geschäftsbericht,organizatorzy,FrekwencjaDGB15.xlsx#Dane
2009,DE,DGB,demonstracja,2500,Helbrecht (za policją 2500; mało wiarygodne),policja,FrekwencjaDGB15.xlsx#Dane
2009,DE,EuroMayDay,demonstracja,3500,Umbruch,organizatorzy,FrekwencjaDGB15.xlsx#Euro MayDay
2009,DE,MyFest,festyn,35000,Helbrecht,policja,FrekwencjaDGB15.xlsx#Dane_MyFest
2009,DE,NPD,demonstracja,200,taz liveticker,prasa,FrekwencjaDGB15.xlsx#Dane_Nazi
2009,DE,R1M,demonstracja 13:00,300,taz,prasa,FrekwencjaDGB15.xlsx#Dane_Revo13
2009,DE,R1M,demonstracja wieczorna,5000,"police, via Tagesspiegel ticker 2010",policja,FrekwencjaDGB15.xlsx#Dane_Revo
2009,DE,R1M,demonstracja wieczorna,12000,"""über 10.000 TeilnehmerInnen"" ~ 12000 (Umbruch archiv)",organizatorzy,FrekwencjaDGB15.xlsx#Dane_Revo
2010,DE,Antifa,kontrdemonstracja,10000,taz,prasa,FrekwencjaDGB15.xlsx#Dane_Antinazi
2010,DE,DGB,demonstracja,12000,Tagesspiegel (za organizatorami),organizatorzy,FrekwencjaDGB15.xlsx#Dane
2010,DE,DGB,demonstracja,7500,Helbrecht (za policją),policja,FrekwencjaDGB15.xlsx#Dane
2010,DE,MyFest,festyn,29000,Helbrecht,policja,FrekwencjaDGB15.xlsx#Dane_MyFest
2010,DE,NPD,demonstracja,700,(TsG) – Prenzlauer Berg + Ku'Damm,prasa,FrekwencjaDGB15.xlsx#Dane_Nazi
2010,DE,R1M,demonstracja 13:00,50,taz,prasa,FrekwencjaDGB15.xlsx#Dane_Revo13
2010,DE,R1M,demonstracja wieczorna,10000,"police, via Tagesspiegel ticker",policja,FrekwencjaDGB15.xlsx#Dane_Revo
2010,DE,R1M,demonstracja wieczorna,15000,Umbruch Archiv,organizatorzy,FrekwencjaDGB15.xlsx#Dane_Revo
2011,DE,DGB,demonstracja,10000,Berliner Morgenpost (za organizatorami),organizatorzy,FrekwencjaDGB15.xlsx#Dane
2011,DE,DGB,demonstracja,15000,rbb za organizatorami,organizatorzy,FrekwencjaDGB15.xlsx#Dane
2011,DE,DGB,demonstracja,15000,Neues Deutschland,prasa,FrekwencjaDGB15.xlsx#Dane
2011,DE,DGB,demonstracja,6000,Berliner Morgenpost (za policją),policja,FrekwencjaDGB15.xlsx#Dane
2011,DE,MyFest,festyn,30000,"""mehrere zeintausend"" Franz Schulz (Grüne), za BZ 3.05",policja,FrekwencjaDGB15.xlsx#Dane_MyFest
2011,DE,MyFest,festyn,24000,policja via MAZ,policja,FrekwencjaDGB15.xlsx#Dane_MyFest
2011,DE,R1M,demonstracja wieczorna,10000,taz,prasa,FrekwencjaDGB15.xlsx#Dane_Revo
2011,DE,R1M,demonstracja wieczorna,9000,polica via BZ,policja,FrekwencjaDGB15.xlsx#Dane_Revo
2011,DE,R1M,demonstracja wieczorna,15000,Umbruch,organizatorzy,FrekwencjaDGB15.xlsx#Dane_Revo
2012,DE,DGB,demonstracja,13500,"Tagesspiegel 2.05 (12000–15000, środek)",prasa,FrekwencjaDGB15.xlsx#Dane
2012,DE,DGB,demonstracja,12000,taz 2.05,prasa,FrekwencjaDGB15.xlsx#Dane
2012,DE,DGB,demonstracja,10000,ND,prasa,FrekwencjaDGB15.xlsx#Dane
2012,DE,DGB,demonstracja,15000,DGB BB,organizatorzy,FrekwencjaDGB15.xlsx#Dane
2012,DE,MyFest,festyn,29000,knapp 30 000 police via Stuttgarter Nachrichten,policja,FrekwencjaDGB15.xlsx#Dane_MyFest
2012,DE,MyFest,festyn,30000,BZ,prasa,FrekwencjaDGB15.xlsx#Dane_MyFest
2012,DE,MyFest,festyn,35000,taz 1.05.2013,prasa,FrekwencjaDGB15.xlsx#Dane_MyFest
2012,DE,R1M,demonstracja wieczorna,12000,taz,prasa,FrekwencjaDGB15.xlsx#Dane_Revo
2012,DE,R1M,demonstracja wieczorna,25000,"organisers, via tagesspiegel",organizatorzy,FrekwencjaDGB15.xlsx#Dane_Revo
2013,DE,Antifa,kontrdemonstracja,2000,ND,prasa,FrekwencjaDGB15.xlsx#Dane_Antinazi
2013,DE,DGB,demonstracja,9500,"Welt 2.05 (7000–12000, środek)",prasa,FrekwencjaDGB15.xlsx#Dane
2013,DE,DGB,demonstracja,10000,TAZ 2.05,prasa,FrekwencjaDGB15.xlsx#Dane
2013,DE,MyFest,festyn,40000,BM,prasa,FrekwencjaDGB15.xlsx#Dane_MyFest
2013,DE,NPD,demonstracja,300,taz,prasa,FrekwencjaDGB15.xlsx#Dane_Nazi
2013,DE,R1M,demonstracja wieczorna,10000,BZ,prasa,FrekwencjaDGB15.xlsx#Dane_Revo
2013,DE,R1M,demonstracja wieczorna,17000,Umbruch (mehr als 15.000),organizatorzy,FrekwencjaDGB15.xlsx#Dane_Revo
2013,DE,R1M,demonstracja wieczorna,8000,Police (za BM),policja,FrekwencjaDGB15.xlsx#Dane_Revo
2014,DE,DGB,demonstracja,10000,BZ,prasa,FrekwencjaDGB15.xlsx#Dane
2014,DE,DGB,demonstracja,10000,Neues Deutschland,prasa,FrekwencjaDGB15.xlsx#Dane
2014,DE,MyFest,festyn,40000,organizatorzy via taz,prasa,FrekwencjaDGB15.xlsx#Dane_MyFest
2014,DE,R1M,demonstracja wieczorna,19000,police,policja,FrekwencjaDGB15.xlsx#Dane_Revo
2014,DE,R1M,demonstracja wieczorna,25000,organisers,organizatorzy,FrekwencjaDGB15.xlsx#Dane_Revo
2015,DE,Antifa,kontrdemonstracja,500,BM,prasa,FrekwencjaDGB15.xlsx#Dane_Antinazi
2015,DE,DGB,demonstracja,15000,rbb za DGB,organizatorzy,FrekwencjaDGB15.xlsx#Dane
2015,DE,MyFest,festyn,45000,organisers via Tsg,organizatorzy,FrekwencjaDGB15.xlsx#Dane_MyFest
2015,DE,NPD,demonstracja,50,apabiz.de,prasa,FrekwencjaDGB15.xlsx#Dane_Nazi
2015,DE,R1M,demonstracja wieczorna,18000,police via Tsg,policja,FrekwencjaDGB15.xlsx#Dane_Revo
2015,DE,R1M,demonstracja wieczorna,33000,"organisers, via taz",organizatorzy,FrekwencjaDGB15.xlsx#Dane_Revo
2016,DE,Antifa,kontrdemonstracja,900,police via taz,policja,FrekwencjaDGB15.xlsx#Dane_Antinazi
2016,DE,DGB,demonstracja,14000,TAZ liveticker 1.05 za organizatorami,organizatorzy,FrekwencjaDGB15.xlsx#Dane
2016,DE,MyFest,festyn,30000,Berliner Morgenpost,prasa,FrekwencjaDGB15.xlsx#Dane_MyFest
2016,DE,NPD,demonstracja,50,"Störungsmelder, blog.zeit.de",prasa,FrekwencjaDGB15.xlsx#Dane_Nazi
2016,DE,R1M,demonstracja 13:00,250,taz,prasa,FrekwencjaDGB15.xlsx#Dane_Revo13
2016,DE,R1M,demonstracja wieczorna,13000,"police, taz liveticker",policja,FrekwencjaDGB15.xlsx#Dane_Revo
2016,DE,R1M,demonstracja wieczorna,20000,"organisers, taz liveticker",organizatorzy,FrekwencjaDGB15.xlsx#Dane_Revo
2017,DE,Antifa,kontrdemonstracja,600,Berliner Bundnis gegen Rechts,organizatorzy,FrekwencjaDGB15.xlsx#Dane_Antinazi
2017,DE,DGB,demonstracja,14000,BZ / DGB BB internet (za organizatorami),organizatorzy,FrekwencjaDGB15.xlsx#Dane
2017,DE,MyFest,festyn,45000,BZ,prasa,FrekwencjaDGB15.xlsx#Dane_MyFest
2017,DE,NPD,demonstracja,50,rbb (AfD Fest),prasa,FrekwencjaDGB15.xlsx#Dane_Nazi
2017,DE,R1M,demonstracja 13:00,250,JugendWiderstand,organizatorzy,FrekwencjaDGB15.xlsx#Dane_Revo13
2017,DE,R1M,demonstracja wieczorna,10000,"police, Berliner Morgenpost ticker 2018",policja,FrekwencjaDGB15.xlsx#Dane_Revo
2017,DE,R1M,demonstracja wieczorna,20000,"organizers, umbruch archiv",organizatorzy,FrekwencjaDGB15.xlsx#Dane_Revo
2018,DE,DGB,demonstracja,14000,Neues Deutschland (za organizatorami),organizatorzy,FrekwencjaDGB15.xlsx#Dane
2018,DE,DGB,demonstracja,5000,Policja,policja,FrekwencjaDGB15.xlsx#Dane
2018,DE,MyFest,festyn,52000,szacunki (MyFest + MaiGörli),prasa,FrekwencjaDGB15.xlsx#Dane_MyFest
2018,DE,MyGruni,festyn,1500,taz ticker,prasa,FrekwencjaDGB15.xlsx#Dane_MyGruni
2018,DE,MyGruni,festyn,5000,PM MyGruni,organizatorzy,FrekwencjaDGB15.xlsx#Dane_MyGruni
2018,DE,NPD,demonstracja,30,taz (AfD Fest),prasa,FrekwencjaDGB15.xlsx#Dane_Nazi
2018,DE,R1M,demonstracja 13:00,200,JugendWiderstand,organizatorzy,FrekwencjaDGB15.xlsx#Dane_Revo13
2018,DE,R1M,demonstracja wieczorna,7000,"police, Berliner Morgenpost ticker 2018",policja,FrekwencjaDGB15.xlsx#Dane_Revo
2018,DE,R1M,demonstracja wieczorna,18000,"organisers, Umbruch Archiv",organizatorzy,FrekwencjaDGB15.xlsx#Dane_Revo
2019,DE,Antifa,kontrdemonstracja,500,nd,prasa,FrekwencjaDGB15.xlsx#Dane_Antinazi
2019,DE,DGB,demonstracja,13000,DGB online,organizatorzy,FrekwencjaDGB15.xlsx#Dane
2019,DE,MyFest,festyn,45000,szacunki,prasa,FrekwencjaDGB15.xlsx#Dane_MyFest
2019,DE,MyGruni,festyn,2500,"Weit mehr als 2000 Menschen, BK 2.05.2019",prasa,FrekwencjaDGB15.xlsx#Dane_MyGruni
2019,DE,MyGruni,festyn,4500,taz(4.05.2019),prasa,FrekwencjaDGB15.xlsx#Dane_MyGruni
2019,DE,MyGruni,festyn,7500,(organisers via Berliner Zeitung 1.05.2019),organizatorzy,FrekwencjaDGB15.xlsx#Dane_MyGruni
2019,DE,MyGruni,festyn,3000,"3000 (Berliner Zeitung, 2.05.2019)",prasa,FrekwencjaDGB15.xlsx#Dane_MyGruni
2019,DE,NPD,demonstracja,100,AfD,organizatorzy,FrekwencjaDGB15.xlsx#Dane_Nazi
2019,DE,R1M,demonstracja 13:00,200,JugendWiderstand,organizatorzy,FrekwencjaDGB15.xlsx#Dane_Revo13
2019,DE,R1M,demonstracja wieczorna,15000,"organisers, Umbruch Archiv",organizatorzy,FrekwencjaDGB15.xlsx#Dane_Revo
2019,DE,R1M,demonstracja wieczorna,10000,"press, Perspektive",prasa,FrekwencjaDGB15.xlsx#Dane_Revo
2019,DE,R1M,demonstracja wieczorna,5000,"police, via Berliner Zeitung",policja,FrekwencjaDGB15.xlsx#Dane_Revo
2020,DE,DGB,demonstracja,0,odwołano,,FrekwencjaDGB15.xlsx#Dane
2020,DE,R1M,demonstracja wieczorna,3000,mehrere tausend,policja,FrekwencjaDGB15.xlsx#Dane_Revo
2020,DE,R1M,demonstracja wieczorna,3000,mehrere tausend,organizatorzy,FrekwencjaDGB15.xlsx#Dane_Revo
2021,DE,DGB,demonstracja,300,Tylko na zaproszenie,organizatorzy,FrekwencjaDGB15.xlsx#Dane
2021,DE,R1M,demonstracja wieczorna,9000,"police, via BM",policja,FrekwencjaDGB15.xlsx#Dane_Revo
2021,DE,R1M,demonstracja wieczorna,20000,"organizatorzy, Umbruch Archiv",organizatorzy,FrekwencjaDGB15.xlsx#Dane_Revo
2022,DE,DGB,demonstracja,7500,BM,prasa,FrekwencjaDGB15.xlsx#Dane
2022,DE,DGB,demonstracja,9500,polizei Meldung,policja,FrekwencjaDGB15.xlsx#Dane
2022,DE,R1M,demonstracja wieczorna,14000,"police, via BM",policja,FrekwencjaDGB15.xlsx#Dane_Revo
2022,DE,R1M,demonstracja wieczorna,20000,"organizatorzy, via BM",organizatorzy,FrekwencjaDGB15.xlsx#Dane_Revo
2023,DE,DGB,demonstracja,6000,polizei Meldung,policja,FrekwencjaDGB15.xlsx#Dane
2023,DE,R1M,demonstracja wieczorna,12000,police via BM,policja,FrekwencjaDGB15.xlsx#Dane_Revo
2023,DE,R1M,demonstracja wieczorna,20000,"organizatorzy, via BM",organizatorzy,FrekwencjaDGB15.xlsx#Dane_Revo
2024,DE,DGB,demonstracja,14000,polizei Meldung,policja,FrekwencjaDGB15.xlsx#Dane
2024,DE,DGB,demonstracja,7500,BZ,prasa,FrekwencjaDGB15.xlsx#Dane
2024,DE,DGB,demonstracja,12500,Naturfreunde,prasa,FrekwencjaDGB15.xlsx#Dane
2024,DE,R1M,demonstracja wieczorna,11800,polizei Meldung,policja,FrekwencjaDGB15.xlsx#Dane_Revo
2024,DE,R1M,demonstracja wieczorna,25000,organizatorzy via Tsg,organizatorzy,FrekwencjaDGB15.xlsx#Dane_Revo
2024,DE,R1M,demonstracja wieczorna,15000,Umbruch Archiv,prasa,FrekwencjaDGB15.xlsx#Dane_Revo
2025,DE,DGB,demonstracja,6600,polizei Meldung,policja,FrekwencjaDGB15.xlsx#Dane
2025,DE,DGB,demonstracja,11000,rbb,prasa,FrekwencjaDGB15.xlsx#Dane
2025,DE,R1M,demonstracja wieczorna,22000,police via BM,policja,FrekwencjaDGB15.xlsx#Dane_Revo
2025,DE,R1M,demonstracja wieczorna,30000,organizatorzy,organizatorzy,FrekwencjaDGB15.xlsx#Dane_Revo
2026,DE,DGB,demonstracja,7100,polizei Meldung,policja,FrekwencjaDGB15.xlsx#Dane
2026,DE,DGB,demonstracja,12000,Naturfreunde,organizatorzy,FrekwencjaDGB15.xlsx#Dane
2026,DE,R1M,demonstracja wieczorna,30000,organizatorzy,organizatorzy,FrekwencjaDGB15.xlsx#Dane_Revo
2026,DE,R1M,demonstracja wieczorna,11000,police,policja,FrekwencjaDGB15.xlsx#Dane_Revo
1990,PL,OPZZ,demonstracja,5000,Gazeta Wyborcza,,frekwencja_warszawa_zwiazki.tsv
1990,PL,OPZZ,demonstracja,12000,Rzeczpospolita,,frekwencja_warszawa_zwiazki.tsv
1990,PL,OPZZ,demonstracja,10000,TPZ,,frekwencja_warszawa_zwiazki.tsv
1990,PL,OPZZ,demonstracja,30000,Życie Warszawy,,frekwencja_warszawa_zwiazki.tsv
1991,PL,OPZZ,demonstracja,10000,Gazeta Wyborcza,,frekwencja_warszawa_zwiazki.tsv
1991,PL,OPZZ,demonstracja,15000,Życie Warszawy,,frekwencja_warszawa_zwiazki.tsv
1992,PL,OPZZ,demonstracja,15000,Gazeta Wyborcza,,frekwencja_warszawa_zwiazki.tsv
1992,PL,OPZZ,demonstracja,30000,TPZ,,frekwencja_warszawa_zwiazki.tsv
1992,PL,OPZZ,demonstracja,4000,Życie Warszawy,,frekwencja_warszawa_zwiazki.tsv
1992,PL,OPZZ,demonstracja,47000,Dziennik Trybuna,,frekwencja_warszawa_zwiazki.tsv
1993,PL,OPZZ,demonstracja,3000,Gazeta Wyborcza,,frekwencja_warszawa_zwiazki.tsv
1993,PL,OPZZ,demonstracja,13000,Dziennik Trybuna,,frekwencja_warszawa_zwiazki.tsv
1994,PL,OPZZ,demonstracja,2000,Życie Warszawy,,frekwencja_warszawa_zwiazki.tsv
1994,PL,OPZZ,demonstracja,4000,Dziennik Trybuna,,frekwencja_warszawa_zwiazki.tsv
1995,PL,OPZZ,demonstracja,2000,Gazeta Wyborcza,,frekwencja_warszawa_zwiazki.tsv
1995,PL,OPZZ,demonstracja,2000,Rzeczpospolita,,frekwencja_warszawa_zwiazki.tsv
1995,PL,OPZZ,demonstracja,10000,TPZ,,frekwencja_warszawa_zwiazki.tsv
1995,PL,OPZZ,demonstracja,4000,Życie Warszawy,,frekwencja_warszawa_zwiazki.tsv
1996,PL,OPZZ,demonstracja,2000,Gazeta Wyborcza,,frekwencja_warszawa_zwiazki.tsv
1996,PL,OPZZ,demonstracja,2000,Rzeczpospolita,,frekwencja_warszawa_zwiazki.tsv
1996,PL,OPZZ,demonstracja,10000,TPZ,,frekwencja_warszawa_zwiazki.tsv
1996,PL,OPZZ,demonstracja,4000,Dziennik Trybuna,,frekwencja_warszawa_zwiazki.tsv
1997,PL,OPZZ,demonstracja,2000,Gazeta Wyborcza,,frekwencja_warszawa_zwiazki.tsv
1997,PL,OPZZ,demonstracja,2000,Rzeczpospolita,,frekwencja_warszawa_zwiazki.tsv
1997,PL,OPZZ,demonstracja,2000,Życie Warszawy,,frekwencja_warszawa_zwiazki.tsv
1997,PL,OPZZ,demonstracja,4000,Dziennik Trybuna,,frekwencja_warszawa_zwiazki.tsv
1998,PL,OPZZ,demonstracja,3000,Rzeczpospolita,,frekwencja_warszawa_zwiazki.tsv
1998,PL,OPZZ,demonstracja,6000,TPZ,,frekwencja_warszawa_zwiazki.tsv
1998,PL,OPZZ,demonstracja,3000,Życie Warszawy,,frekwencja_warszawa_zwiazki.tsv
1999,PL,OPZZ,demonstracja,5000,Gazeta Wyborcza,,frekwencja_warszawa_zwiazki.tsv
1999,PL,OPZZ,demonstracja,5000,Rzeczpospolita,,frekwencja_warszawa_zwiazki.tsv
1999,PL,OPZZ,demonstracja,6000,TPZ,,frekwencja_warszawa_zwiazki.tsv
1999,PL,OPZZ,demonstracja,20000,Życie Warszawy,,frekwencja_warszawa_zwiazki.tsv
1999,PL,OPZZ,demonstracja,10000,Dziennik Trybuna,,frekwencja_warszawa_zwiazki.tsv
2000,PL,OPZZ,demonstracja,2000,Gazeta Wyborcza,,frekwencja_warszawa_zwiazki.tsv
2000,PL,OPZZ,demonstracja,2000,Rzeczpospolita,,frekwencja_warszawa_zwiazki.tsv
2000,PL,OPZZ,demonstracja,3500,TPZ,,frekwencja_warszawa_zwiazki.tsv
2000,PL,OPZZ,demonstracja,1500,Życie Warszawy,,frekwencja_warszawa_zwiazki.tsv
2001,PL,OPZZ,demonstracja,6000,Gazeta Wyborcza,,frekwencja_warszawa_zwiazki.tsv
2001,PL,OPZZ,demonstracja,6000,Rzeczpospolita,,frekwencja_warszawa_zwiazki.tsv
2001,PL,OPZZ,demonstracja,10000,TPZ,,frekwencja_warszawa_zwiazki.tsv
2001,PL,OPZZ,demonstracja,8000,Dziennik Trybuna,,frekwencja_warszawa_zwiazki.tsv
2002,PL,OPZZ,demonstracja,1000,Gazeta Wyborcza,,frekwencja_warszawa_zwiazki.tsv
2002,PL,OPZZ,demonstracja,1000,Rzeczpospolita,,frekwencja_warszawa_zwiazki.tsv
2002,PL,OPZZ,demonstracja,4000,TPZ,,frekwencja_warszawa_zwiazki.tsv
2002,PL,OPZZ,demonstracja,2500,Dziennik Trybuna,,frekwencja_warszawa_zwiazki.tsv
2002,PL,OPZZ,demonstracja,2000,Lewica.pl,,frekwencja_warszawa_zwiazki.tsv
2003,PL,OPZZ,demonstracja,5000,Rzeczpospolita,,frekwencja_warszawa_zwiazki.tsv
2003,PL,OPZZ,demonstracja,3000,Wprost,,frekwencja_warszawa_zwiazki.tsv
2003,PL,OPZZ,demonstracja,2000,RMF.FM,,frekwencja_warszawa_zwiazki.tsv
2004,PL,OPZZ,demonstracja,500,Gazeta Wyborcza,,frekwencja_warszawa_zwiazki.tsv
2004,PL,OPZZ,demonstracja,1000,TPZ,,frekwencja_warszawa_zwiazki.tsv
2004,PL,OPZZ,demonstracja,500,Wprost,,frekwencja_warszawa_zwiazki.tsv
2005,PL,OPZZ,demonstracja,500,Gazeta Wyborcza,,frekwencja_warszawa_zwiazki.tsv
2005,PL,OPZZ,demonstracja,1000,TPZ,,frekwencja_warszawa_zwiazki.tsv
2005,PL,OPZZ,demonstracja,1000,Dziennik Trybuna,,frekwencja_warszawa_zwiazki.tsv
2005,PL,OPZZ,demonstracja,400,Wprost,,frekwencja_warszawa_zwiazki.tsv
2005,PL,OPZZ,demonstracja,400,PAP,,frekwencja_warszawa_zwiazki.tsv
2005,PL,OPZZ,demonstracja,500,wp.pl,,frekwencja_warszawa_zwiazki.tsv
2006,PL,OPZZ,demonstracja,2000,Gazeta Wyborcza,,frekwencja_warszawa_zwiazki.tsv
2006,PL,OPZZ,demonstracja,1000,Rzeczpospolita,,frekwencja_warszawa_zwiazki.tsv
2006,PL,OPZZ,demonstracja,2000,Dziennik Trybuna,,frekwencja_warszawa_zwiazki.tsv
2006,PL,OPZZ,demonstracja,2000,NTP,,frekwencja_warszawa_zwiazki.tsv
2007,PL,OPZZ,demonstracja,800,Gazeta Wyborcza,,frekwencja_warszawa_zwiazki.tsv
2007,PL,OPZZ,demonstracja,2000,TPZ,,frekwencja_warszawa_zwiazki.tsv
2007,PL,OPZZ,demonstracja,2000,Dziennik Trybuna,,frekwencja_warszawa_zwiazki.tsv
2007,PL,OPZZ,demonstracja,800,Lewica.pl,,frekwencja_warszawa_zwiazki.tsv
2008,PL,OPZZ,demonstracja,2000,Gazeta Wyborcza,,frekwencja_warszawa_zwiazki.tsv
2008,PL,OPZZ,demonstracja,2000,Rzeczpospolita,,frekwencja_warszawa_zwiazki.tsv
2008,PL,OPZZ,demonstracja,2000,TPZ,,frekwencja_warszawa_zwiazki.tsv
2008,PL,OPZZ,demonstracja,2000,Dziennik Trybuna,,frekwencja_warszawa_zwiazki.tsv
2008,PL,OPZZ,demonstracja,2000,Wprost,,frekwencja_warszawa_zwiazki.tsv
2008,PL,OPZZ,demonstracja,3000,Lewica.pl,,frekwencja_warszawa_zwiazki.tsv
2009,PL,OPZZ,demonstracja,1000,Gazeta Wyborcza,,frekwencja_warszawa_zwiazki.tsv
2009,PL,OPZZ,demonstracja,500,Rzeczpospolita,,frekwencja_warszawa_zwiazki.tsv
2009,PL,OPZZ,demonstracja,1000,TPZ,,frekwencja_warszawa_zwiazki.tsv
2009,PL,OPZZ,demonstracja,2000,Dziennik Trybuna,,frekwencja_warszawa_zwiazki.tsv
2009,PL,OPZZ,demonstracja,1000,Wprost,,frekwencja_warszawa_zwiazki.tsv
2009,PL,OPZZ,demonstracja,1500,PAP,,frekwencja_warszawa_zwiazki.tsv
2009,PL,OPZZ,demonstracja,2500,Lewica.pl,,frekwencja_warszawa_zwiazki.tsv
2010,PL,OPZZ,demonstracja,1000,Gazeta Wyborcza,,frekwencja_warszawa_zwiazki.tsv
2010,PL,OPZZ,demonstracja,300,Rzeczpospolita,,frekwencja_warszawa_zwiazki.tsv
2010,PL,OPZZ,demonstracja,200,TPZ,,frekwencja_warszawa_zwiazki.tsv
2010,PL,OPZZ,demonstracja,500,Wprost,,frekwencja_warszawa_zwiazki.tsv
2010,PL,OPZZ,demonstracja,200,RMF.FM,,frekwencja_warszawa_zwiazki.tsv
2011,PL,OPZZ,demonstracja,200,Gazeta Wyborcza,,frekwencja_warszawa_zwiazki.tsv
2011,PL,OPZZ,demonstracja,100,Rzeczpospolita,,frekwencja_warszawa_zwiazki.tsv
2011,PL,OPZZ,demonstracja,100,Wprost,,frekwencja_warszawa_zwiazki.tsv
2012,PL,OPZZ,demonstracja,5000,Gazeta Wyborcza,,frekwencja_warszawa_zwiazki.tsv
2012,PL,OPZZ,demonstracja,15000,TPZ,,frekwencja_warszawa_zwiazki.tsv
2012,PL,OPZZ,demonstracja,12000,Lewica.pl,,frekwencja_warszawa_zwiazki.tsv
2012,PL,OPZZ,demonstracja,15000,FZZHiM,,frekwencja_warszawa_zwiazki.tsv
2013,PL,OPZZ,demonstracja,20000,TPZ,,frekwencja_warszawa_zwiazki.tsv
2013,PL,OPZZ,demonstracja,20000,Lewica.pl,,frekwencja_warszawa_zwiazki.tsv
2013,PL,OPZZ,demonstracja,20000,FZZHiM,,frekwencja_warszawa_zwiazki.tsv
2014,PL,OPZZ,demonstracja,10000,TPZ,,frekwencja_warszawa_zwiazki.tsv
2014,PL,OPZZ,demonstracja,6000,Lewica.pl,,frekwencja_warszawa_zwiazki.tsv
2014,PL,OPZZ,demonstracja,6000,Przegląd Socjalistyczny,,frekwencja_warszawa_zwiazki.tsv
2016,PL,OPZZ,demonstracja,1000,Gazeta Wyborcza,,frekwencja_warszawa_zwiazki.tsv
2016,PL,OPZZ,demonstracja,5000,TPZ,,frekwencja_warszawa_zwiazki.tsv
2016,PL,OPZZ,demonstracja,5000,FZZHiM,,frekwencja_warszawa_zwiazki.tsv
2017,PL,OPZZ,demonstracja,300,Gazeta Wyborcza,,frekwencja_warszawa_zwiazki.tsv
2017,PL,OPZZ,demonstracja,1000,Polskie Radio,,frekwencja_warszawa_zwiazki.tsv
2018,PL,OPZZ,demonstracja,1000,TPZ,,frekwencja_warszawa_zwiazki.tsv
2018,PL,OPZZ,demonstracja,500,Wprost,,frekwencja_warszawa_zwiazki.tsv
2018,PL,OPZZ,demonstracja,1000,FZZHiM,,frekwencja_warszawa_zwiazki.tsv
2018,PL,OPZZ,demonstracja,600,Strajk.eu,,frekwencja_warszawa_zwiazki.tsv
