id_miejsca,nazwa,miasto,wspolrzedne,lata_uzycia,opis,zrodlo,id_geo,plik_zrodlowy,warstwa
PL_Punkty na trasie_0,Ambasada USA (Al. Ujazdowskie),PL,"52.224513,21.023755",2001;2003,"2001: na trasie demonstracji anarchistycznej
2003: Cel demonstracji Nowej Lewicy i Inicjatywy Stop Wojnie
2009: Punkt końcowy demonstracji lewicy radykalnej",umap_backup_1-maja_warszawa9.umap,0,umap_backup_1-maja_warszawa9.umap,Punkty na trasie
PL_Punkty na trasie_1,Bazar Różyckiego,PL,"52.251675,21.038921",2009,Punkt na trasie demonstracji ZSP 2009,umap_backup_1-maja_warszawa9.umap,1,umap_backup_1-maja_warszawa9.umap,Punkty na trasie
PL_Punkty na trasie_2,Dawna siedziba SLD,PL,"52.2277917,21.0330194",,,umap_backup_1-maja_warszawa9.umap,2,umap_backup_1-maja_warszawa9.umap,Punkty na trasie
PL_Punkty na trasie_3,Kancelaria Prezesa Rady Ministrów,PL,"52.21547,21.02582",2001;2010;2013;2014;2015;2016;2017;2018,"2001 – cel demonstracji anarchistycznej
",umap_backup_1-maja_warszawa9.umap,3,umap_backup_1-maja_warszawa9.umap,Punkty na trasie
PL_Punkty na trasie_4,Park im. Edwarda Rydza-Śmigłego,PL,"52.227123,21.033046",,,umap_backup_1-maja_warszawa9.umap,4,umap_backup_1-maja_warszawa9.umap,Punkty na trasie
PL_Punkty na trasie_5,Plac Zamkowy,PL,"52.245739,21.0137174",,,umap_backup_1-maja_warszawa9.umap,5,umap_backup_1-maja_warszawa9.umap,Punkty na trasie
PL_Punkty na trasie_6,Poczta Polska,PL,"52.254315,21.034962",2009,Punkt na trasie demonstracji ZSP 2009,umap_backup_1-maja_warszawa9.umap,6,umap_backup_1-maja_warszawa9.umap,Punkty na trasie
PL_Punkty na trasie_7,Rondo de Gaulle'a – wiec PPS / NL / RSS (Ikonowicz),PL,"52.232097,21.020955",1991;1992;1993;1994;1995;1996;1997;1998;1999;2000;2001;2002;2003;2004;2005;2006;2007;2008;2009;2010;2011;2013;2014;2015;2016;2017;2018;2019,"## 1991
wspólny wiec demonstracji PPS i anarchistycznej

## 2003
Gdy pochód przeszedł Nowym Światem, natknął się na pikietę Nowej Lewicy (partii b. lidera PPS Piotra Ikonowicza) oraz towarzyszących im członków Komunistycznej Partii Polski. - 1 Maja to dzień propagandy sukcesu Millera. Wszystkie związki zawodowe powinny tu dzisiaj stanąć, by zaprotestować przeciwko rządowi - przemawiał jeden z działaczy Nowej Lewicy. - Precz z burżuazją SLD - krzyczano w stronę pochodu. - Pozdrawiamy lewicę działającą w trochę inny sposób niż my, ale równie potrzebną - odpowiedział megafon z poloneza. (Popieramy Kierownictwo GW 2003)",umap_backup_1-maja_warszawa9.umap,7,umap_backup_1-maja_warszawa9.umap,Punkty na trasie
PL_Punkty na trasie_8,Sejm RP,PL,"52.2256155,21.0270682",,,umap_backup_1-maja_warszawa9.umap,8,umap_backup_1-maja_warszawa9.umap,Punkty na trasie
PL_Punkty na trasie_9,Ministry of Finance,PL,"52.236894,21.016159",1990;1991;1992;1995;2007;2018,"1990 –
1991 – cel demonstracji PPS i anarchistów „Balcerowicz na zasiłek, zwolnić rząd nie załogi, chcemy pracy, nie jałmużny”
1992 – cel demonstracji PPS
1995 –
2001 – na trasie demonstracji anarchistycznej
2007 – na trasie demonstracji ZSP",umap_backup_1-maja_warszawa9.umap,9,umap_backup_1-maja_warszawa9.umap,Punkty na trasie
PL_Upamiętnienia_0,Brama Straceń,PL,"52.2651492,21.0023019",1990;1991;1992;1993;1994;1995;1996;1997;1998;1999;2000;2001;2002;2003;2004;2005;2006;2007;2008;2009;2010;2011;2012;2013;2014;2015;2016;2017;2018;2019,"1990:	O 12, delegacje uczestników pochodu składają kwiaty (DT), Jaruzelski składa kwiaty w asyście wojskowej. Sam? (DT)
1991:	delegacja SLD i OPZZ składa kwiaty pod Bramą Straceń (DT)
1992:	*Delegacje uczestników manifestacji złożyły kwiaty przy Bramie Straceń na Warszawskiej Cytadeli (DT)
1993:	delegacje SLD i OPZZ składają po wiecu kwiaty (DT), UP samodzielnie składa kwiaty o 11; zebrało się kilkadziesiąt osób (GW)
1994:	PPS udaje się w delegację do Bramy Straceń, gdzie składane są kwiaty (DT), Samodzielny wiec i składanie kwiatów przez UP (TVP)
1995:	po pochodzie, o 12 delegacje SLD i OPZZ składają kwiaty pod Cytadelą (DT), UP – odrębny wiec i składanie kwiatów (ŻW)
1996:	UP składa kwiaty o 11 (GW), Po manifestacji delegacje uczestników składają kwiaty (DT)
1997:	Oddzielne uroczystości organizuje Unia Pracy. Unici zaczynają od złożenia wieńca przy Bramie Straceń o 11.  ... O 12 działacze SLD złożą wieńce pod Ścianą Straceń na stokach Cytadeli. Pół godziny później SdRP organizuje w swojej siedzibie konferencję prasową. GW 1997
1998:	""Pod Cytadelą samodzielny wiec UP, połączony z ceremonią składania kwiatów (TVP), Delegacje """"lewicy"""" składają kwiaty pod Cytadelą przed pochodem (RP)""
1999:	UP samodzielnie składa kwiaty. Podejrzewam, że możliwe, że później również SLD i OPZZ (DT)
2000:	Przedstawiciele UP składają wieniec przed tablicą, i kwiaty na grobach samodzielnie, o 11. O 12 przedstawiciele SLD i OPZZ w tym samym miejscu (DT 2000)
2001:	Po raz pierwszy w wiecu przy Cytadeli do UP dołączają przedstawiciele SLD i PPS (DT). 
2002:	Wspólne składanie wieńców przez Millera, i Marka Belkę z UP. W delegacji również OPZZ (TVP)
2003:	delegacje OPZZ (i pewnie innych, tak jak UP) składają kwiaty (KZ)
2004:	Pochód zaczyna się o 9:30 – kiedy składanie wieńców? NA pewno była delegacja OPZZ, w jej składzie Wiesława Taranowska (NTP, KZ), Jeszcze przed pochodem Oleksy i Jaruga-Nowacka złożyli kwiaty pod Bramą Straceń Warszawskiej Cytadeli (DT, 4.05)
2005:	Najpewniej UP sklada kwiaty na Cytadeli (skoro w 2006 było napisane że zgodnie z tradycją delegacja OPZZ tam jest)
2006:	delegacje OPZZ i NTP składają kwiaty (pewnie UP też) (NTP)
2007:	brak informacji o UP, najpiewniej odbyło się skladanie kwiatów
2008:	“Przed rozpoczęciem pochodu członkowie Unii Pracy, OPZZ i przedstawiciele innych organizacji lewicowych złożyli wieńce pod Bramą Straceń warszawskiej Cytadeli. Co roku 1 maja UP upamiętnia w ten sposób bojowników o wolność Polski, więzionych w murach Cytadeli w latach 1834-1918.” ([“Aby Polacy mogli godniej żyć”, 2008]
2009:	Gospodarzem UP, wśród gości ceremoni składania kwiatów OPZZ i SLD(TV SLD; PS),  
2010:	UP i delegacja PPS, SdPL oraz OPZZ składają kwiaty pod Bramą Straceń (dzieje.pl)
2011:	delegacja UP z  PPS, OPZZ i SLD składa kwiaty (PS, Związkowiec)
2012:	delegacje UP i OPZZ (przegladsocjalistyczny.org), Jeszcze przed rozpoczęciem uroczystości przed budynkiem OPZZ, delegacje OPZZ złożyły wieńce przed miejscami pamięci, niezwykle ważnymi dla tożsamości związków zawodowych i lewicy w Polsce (KZ 63/2012)
2013:	?
2014:	?
2015:	Unia Pracy gospodarzem, delegacja OPZZ dda hołd ponad  60 tysięcy więźniom - bojowników o wyzwolenie narodowe i przemiany społeczne (opzz.org.pl archiwalne)
2016:	""""""Okolicznościowe przemówienia"""", składanie kwiatów. Pojawiają się delegacje SLD i OPZZ(uniapracy.org)""
2017:	gospodarzem UP, gośćmi PPS i OPZZ (uniapracy.org)
2018:	delegacje UP, SLD i OPZZ składają kwiaty przed pochodem (Trybuna)
2019:	wiec OPZZ i UP, następuje składanie wieńców (opzz.org.pl)",umap_backup_1-maja_warszawa9.umap,0,umap_backup_1-maja_warszawa9.umap,Upamiętnienia
PL_Upamiętnienia_1,Grób Nieznanego Żołnierza,PL,"52.241072,21.012383",1997,Wieńce składane przez delegację SLD i OPZZ,umap_backup_1-maja_warszawa9.umap,1,umap_backup_1-maja_warszawa9.umap,Upamiętnienia
PL_Upamiętnienia_2,Kamień Pamiątkowy na Placu Grzybowskim,PL,"52.235836,21.00359",1996;1997;1998;1999;2000;2001;2002;2003;2004;2005;2006;2007;2008;2009;2011;2012;2013;2014;2015;2016;2017;2018;2019,"Kamień upamiętniający pierwszą demonstrację robotniczą na ziemiach polskich (13 listopada 1904), uznawaną za początek Rewolucji 1905 roku. Centralne miejsce manifestacji PPS, miejsce składania kwiatów. Również punkt końcowy / przystankowy wielu pochodów.",umap_backup_1-maja_warszawa9.umap,2,umap_backup_1-maja_warszawa9.umap,Upamiętnienia
PL_Upamiętnienia_3,"Monument to the Heroes of Warsaw (Nike), Teatralny Square",PL,"52.2441337,21.0101321",1990;1991;1992;1993;1994;1995,"Pomnik Bohaterów Warszawy 1939-1945 („Nike”) na placu Teatralnym. Miejsce zwieńczenia pochodów OPZZ w latach 1990-1995 – tu odbywał się wiec, składano kwiaty, przemawiali przewodniczący OPZZ i liderzy SdRP.

## 1995
Po wiecu pod biało-czerwonymi parasolami piwa ""Schutlheiss"" odbyły się spotkania z liderami SdRP, a Wojciech Jaruzelski i Mieczysław Rakowski podpisywali książki. (Rzeczpospolita)",umap_backup_1-maja_warszawa9.umap,3,umap_backup_1-maja_warszawa9.umap,Upamiętnienia
PL_Upamiętnienia_4,Pomnik Ignacego Daszyńskiego w Warszawie,PL,"52.2184959,21.0238147",2019,"Pomnik Ignacego Daszyńskiego, plac Na Rozdrożu. Miejsce Pikniku Europejskiego OPZZ/SLD w 2019 r. (15. rocznica wstąpienia Polski do UE) – pochodu nie było.",umap_backup_1-maja_warszawa9.umap,4,umap_backup_1-maja_warszawa9.umap,Upamiętnienia
PL_Upamiętnienia_5,Pomnik Józefa Piłsudskiego,PL,"52.241138,21.01396",1997,Wieńce składane przez delegację PPS (Wyborcza),umap_backup_1-maja_warszawa9.umap,5,umap_backup_1-maja_warszawa9.umap,Upamiętnienia
PL_Upamiętnienia_6,Pomnik Kopernika,PL,"52.239,21.0177",1994;1996;2000,,umap_backup_1-maja_warszawa9.umap,6,umap_backup_1-maja_warszawa9.umap,Upamiętnienia
PL_Upamiętnienia_7,"Wreath laying at the historic PPS headquarters, Warecka st.",PL,"52.235166,21.016492",1990;1991;1992;1993;1994;1995;1996;1997;1998;1999;2000;2001;2005;2008;2009;2010;2011;2013;2014;2017;2019,"Kamień przy ul. Wareckiej upamiętniający przedwojenną siedzibę CKR PPS i redakcję „Robotnika” (zburzoną w 1939 r.). Tradycyjne miejsce składania kwiatów przez PPS, czasem z udziałem OPZZ.

1990:	PPS kończy pochód pod Robotnikiem, gdzie składa kwiaty: ""O godzinie 12 przybywa grupa członków PPS z Janem Józefem Lipskim. Złożyli kwiaty na kamieniu pamiątkowym, przemówił Władysław Jagiełło, lecz jak przystało na podeszły wiek większości manifestantów – w przemówieniu najwięcej miejsca poświęcono historii tej partii, jej różnym kolejom losu ( ŻW 1990), Jak wspomina JJG, ""swego czasu"" delegacja OPZZ chodziła również na Warecką, pod siedzibę Robotnika (JJG_1_2, 21:00)
1991:	PPS Ikonowicza składa kwiaty pod Robotnikiem. ""Po złożeniu wiązanki czerwonych róż zgromadzeni przeszli pod Ministerstwo Finansów skandując Balcerowicz na zasiłek, zwolnić rząd nie załogi, chcemy pracy, nie jałmużny"" (ŻW)
1992:	PPS kończy swój pochód na przeciwko MF, pod historyczną siedzibą Robotnika (DT)
1993:	Brak źródeł na kwiaty pod Robotnikiem, zakładam że się odbyło składanie (GW, DT, TVP, NTP, ŻW)
1994:	Brak informacji – ale nie ma powodów by sądzić, że się nie odbywa
1995:	PPS – najprawdopodbniej składa kwiaty, brak informacji
1996:	PPS przed dołączeniem do pochodu składa wieniec pod siedzibą robotnika (Maszerowanie w Święto Pracy, GW)
1997:	Pochód PPS składa wieniec pod siedzibą PPS Robotnik (ŻW)
1998:	Pochód PPS składa wieniec pod siedzibą Robotnika (RP)
1999:	PPS zwykle składa kwiaty pod siedzibą Robotnika – brak informacji co dzieje się w tym roku
2000:	PPS
2001:	Delegacja PPS składa kwiaty na Wareckiej (DT)
2002:	?
2003:	?
2004:	Brak wzmianek w lewica.pl
2005:	Członkowie PPS wg Trybuny rozpoczynają obchody 1 maja od wiecu pod siedzibą Robotnika (DT 2005)
2006:	?
2007:	?
2008:	działacze PPS składają kwiaty (PS)
2009:	przedstawiciele PPS składają kwiaty (PS)
2010:	działacze PPS składają kwiaty (PS). Przybywa też delegacja z OPZZ, wszystko odbywa się przed właściwym pochodem (Kronika Związkowa)
2011:	Uczestnicy Marszu Pustych Garnków udają się pod siedzibę Robotnika i kamień upamiętniający to miejsce (lewica.pl)
2012:	?
2013:	PPS
2014:	spotkanie działaczy PPS (PS)
2015:	-
2016:	-
2017:	przedstawiciele PPS składają kwiaty (PS)
2018:	-
2019:	Ikonowicz: Demonstrujący przeszli pod kamień przy ul. wareckiej, upamiętniający miejsce w którym znajdowała się redakcja PPSowskiego ""Robotnika"", następnie przy dźwiękach pieśni rewolucyjnych podeszli na pl. Grzybowski. (lewica.pl 2019)",umap_backup_1-maja_warszawa9.umap,7,umap_backup_1-maja_warszawa9.umap,Upamiętnienia
PL_Festyny_9,Park im. Edwarda Rydza-Śmigłego,PL,"52.227123,21.033046",1999;2000;2001;2002;2003;2004;2005;2006;2007;2008;2012;2013;2014;2016,Park im. Edwarda Rydza-Śmigłego na Rozbracie – obok dawnej siedziby SLD. Tradycyjne miejsce Pikniku Europejskiego SLD/OPZZ,umap_backup_1-maja_warszawa9.umap,9,umap_backup_1-maja_warszawa9.umap,Festyny
PL_Festyny_11,Siedziba SdRP/SLD,PL,"52.2277917,21.0330194",1991;1992;1993;1994;1995;1996;1997;2009;2010,"## 1991
- Tym razem Trybuna zaprasza na spotkanie w klubie dyskusyjnym przy Szarej 10, gdzie gościem będzie Miodowicz i Cimoszewicz, a także członkowie redakcji Trybuny (DT), 12 – spotkanie z kolegium Trybuny; 13 – gościem będzie Alfred Miodowicz; 14 – szef PKLD Włodzimierz Cimoszewicz; 15 – spotkanie z kierownictwem SdRP. Dyskusjom towarzyszyć ma kiermasz książek, czasopism i sprzętu elektronicznego. Na dzieci od 12 w sali kinowej czekać będą kreskówki. Finałem części festynowej będzie o 17 występ Władysława Komara i Andrzeja Gackiego (DT)

## 1992
 ""Po pochodzie zapraszamy do siedziby Rady Naczelnej SdRP na spotkania: – z Dariuszem Szymczychą i kolegium Trybuny; z Ewą Spychalską i kierownictwem OPZZ; z Aleksandrem Kwaśniewskim i Leszkiem Millerem oraz innymi członkami kierownictwa SdRP. O godz. 12:00 w siedzibie Rady Naczelnej SdRP będzie zorganizowany kiermasz, na którym będzie można kupić dobrą książkę, upominki, odzież i inne drobiazgi (DT 1992)

## 1993
Od 12:30 w siedzibie SdRP przy ul. Rozbrat 44a rozpocznie się cykl spotkań – z członkami Socjaldemokratycznej Frakcji Młodych, dziennikarzami Trybuny, kierownictwami OPZZ i SdRP oraz posłami SLD (DT), Po pochodzie odbędzie się wiele imprez związanych z obchodami, m.in. w siedzibie SdRP przy ul. Rozbrat 44. (GW)

## 1994
Organizatorzy przewidują następnie [po pochodzie] spotkania mieszkańców Warszawy z posłami na Sejm RP (Związkowiec), Po stołecznym pochodzie, w siedzibie SdRP na Szarej, odbyło się spotkanie z kolegium redakcyjnym Trybuny, Socjaldemokratyczną Frakcją Młodzieży, kierwonictwem OPZZ, SdRP i SLD (DT)

## 1995
O godzinie 13:30 odbędą się w siedzibie SdRP spotkania z Aleksandrem Kwaśniewskim i Ewą Spychalską (DT)

## 1997
Od 12:45 spotkania w siedzibie SdRP na Rozbrat – przedstawiciele redakcji Nie, Przeglądu Tygodniowego, potem spotkanie z liderami OPZZ i SdRP (DT),

## 2010
Po przemówieniach pochód ruszył pod Sejm, a stamtąd na piknik na dziedzińcu siedziby SLD przy ul. Rozbrat. – Z roku na rok jest coraz mniej osób, nie chodzi tylko o deszcz – mówił Wiesław Gębicki z Bielan. – Ta formuła już się przejadła – dodał jeden z dzielnicowych radnych SLD. (Rzeczpospolita 2010",umap_backup_1-maja_warszawa9.umap,11,umap_backup_1-maja_warszawa9.umap,Festyny
PL_Prawicowe kontry i blokady_15,Brama Uniwersytetu Warszawskiego,PL,"52.239821,21.017194",1994;1996;1997;1998;1999;2000;2001;2004,"Brama Uniwersytetu Warszawskiego, Krakowskie Przedmieście – miejsce powtarzających się blokad pochodu pierwszomajowego organizowanych przez Ligę Republikańską (1994-1997). W 1996 r. interwencja policji.
## 1994
Przed Bramą Uniwersytetu do pochodu dołączyła Liga Republikańska (ŻW); Liga Republikańska: Wznoszone przez nich hasła były parodią pochodów z okresu komunistycznego – ""Rokossowski, Bierut, Stalin""; ""Studenci do nauki""; ""Precz z Coca-Colą""; ""Kobiety na traktory""; ""Nie damy się wydymać! Parlamentarna Grupa Kobiet"". Ubrani byli w *historyczne szturmówki* i *autentyczne transparenty*: ""Pozdrawiamy narody ZSRR""; ""Młodzież z partią"". Rozdzielone pochody PPS i OPZZ połączyły się dopiero na placu Teatralnym, przy wsparciu policji. (ŻW 1994)

## 1995
kontra nie odbywa się w tym miejscu
## 1996
Pod Uniwersytetem Warszawskim uczestnicy manifestacji dostali się pod ""ostrzał"" młodzieży z Ligi Republikańskiej. W stronę manifestujących w 1-majowym pochodzie padały okrzyki ""SLD-KGB"" i ""Hańba"", odpowiadano im: ""Faszyści"". Policja zepchnęła agresywnie zachowujących się młodych ludzi (któryś biegiem wbił się w czoło pochodu, inny położył na jezdni, jeszcze inny wyrwał starszej pani kwiatek i cisnął na ziemię) tuż pod zamknięta bramę Uniwersytetu. W tłum poleciały petardy rozpryskujące się z hukiem pod nogami maszerujących. Policja użyła pałek, kilka osób zatrzymano (DT 1996)
Kontrdemonstranci czekali opodal przy bramie Uniwersytetu Warszawskiego. Przygotowani na happening -- w rękach portrety Lenina, Marksa, Bieruta, Róży Luksemburg. Nad ich głowami powiewały także flagi, czerwone szturmówki i transparenty: ""Pozdrawiamy towarzysza Gierka"", ""Pokój i socjalizm"". Witali maszerujących hasłami znanymi z dawnych pierwszomajowych demonstracji. Wołali na przykład: ""Kobiety na traktory"", dodając od siebie ""traktory na kobiety"".
Od strony Uniwersytetu na maszerujących posypały się petardy. Niektórzy z kontrdemonstrantów wdzierali się do lewicowego pochodu: jeden z nich usiłował wyrwać kwiaty posłowi Ikonowiczowi.
Policja reagowała bardzo ostro. Rzucających petardy i bardziej agresywnych wyciągano z tłumu. W kilku przypadkach funkcjonariusze używali pałek. W końcu udało im się otoczyć kordonem ""antypochód"" i przycisnąć go do bramy. Lewica pomaszerowała dalej. (Rzeczpospolita 1996)
## 1997
Przed Uniwersytetem Warszawskim czekała młodzież z Ligi, NZS i Narodowego Odrodzenia Polski z brzozowymi krzyżami: ""Wujek - 1981"", ""AK-NZW-WIN 1944-56"", ""Poznań 1956"". W pochód poleciało kilka petard, pomidorów i wyzwiska: ""Puścimy Kwasa na golasa"", ""Żydzi, Żydzi cała Polska was się wstydzi"", ""Czerwone świnie"". Lewicowa młodzież odpowiadała na to: ""Czarne świnie"" i ""Oszołomy"". Po szarpaninie policja zatrzymała 39 osób. (GW 1997)
W szacownym sąsiedztwie Uniwersytetu Warszawskiego przyczaiło się kilkudziesięciu Ligowców, sympatyków NZS i UPR. Były krzyże z napisem ""Katyń"" i płonące pochodnie (DT 1997)

Czytelnik ""Gazety"" mógł odnieść wrażenie, że 1 maja manifestację przy bramie Uniwersytetu Warszawskiego zorganizowały Liga Republikańska, NZS i Narodowe Odrodzenie Polski. Nie jest to prawdą. Liga Republikańska nie organizowała żadnych demonstracji razem z NOP - ani 1 maja, ani nigdy w przeszłości. 1 maja grupa członków NOP znajdowała się poza terenem naszej manifestacji, po przeciwnej stronie Krakowskiego Przedmieścia.
Czytelnik mógł odnieść również wrażenie, że demonstrujący przed Uniwersytetem Warszawskim wznosili antysemickie okrzyki i obrzucali pochód SLD petardami. Chcę wyjaśnić, że w trakcie przemarszu pochodu SLD sprzed bramy UW nie została rzucona w jego kierunku żadna petarda. Natomiast okrzyki antysemickie wznosiła grupka osób znajdujących się po przeciwnej stronie ulicy niż członkowie Ligi oraz uczestnicy pochodu SLD - pod adresem działaczy Ligi. Fakty te opisały inne gazety. (Mariusz Kamiński w liście do GW 1997)
## 1998
Połączony pochód starł się przed Uniwersytetem z około 30 sympatykami Ligi Republikańskiej i ROP. Nie szczędzono sobie epitetów, posypały się jajka i petardy. Tylko szybka akcja policji, która nawet konno ochraniała demonstrację, zapobiegła bójce między najbardziej agresywnymi demonstrantami. (RP 1998)
## 1999
Pod Uniwersytetem Warszawskim, po obu stronach ulicy, stoją kontrmanifestanci. Pojawia się flaga Ruchu Młodego Pokolenia (TVP 1999)
Połączony pochód - około 5 tysięcy osób, starł się przed Uniwersytetem Warszawskim z sympatykami Ligi Republikańskiej, Ruchu Młodego Pokolenia i Niezależnego Zrzeszenia Studentów. Posypały się jajka, pomidory i petardy. Tylko szybka akcja policji zapobiegła bójce (Rzeczpospolita 1999)
## 2000 
*Jajkami demonstranci z PPS obrzucają kilkanaście osób zebranych przed bramą główną Uniwersytetu Warszawskiego. Przygląda się temu Piotr Ikonowicz, lider PPS, poseł SLD, wypalając papierosa. - To głupie. No, ale co ja mogę zrobić. To jest tłum - mówi, gdy pytamy, jak mu się to podoba.* (Rzeczpospolita 2000)
Drugim nowym zjawiskiem był brak Ligi Republikańskiej, która zawsze przy placu Grzybowskim miała własny sektor i skromna, znacznie cichsza grupka antykomunistów pod Uniwersytetem Warszawskim (NTP)
## 2001
*(...) przed bramą uniwersytetu kilkunastu młodych prawicowców ledwo widocznych zza kordonu policji, za bramą - czterech przedstawicieli Młodzieży Wszechpolskiej. ""Lewacy do pracy"", ""Polska bez lewicy - cały naród krzyczy"" - skandowali. Uczestnicy pochodu rzucali w ich stronę jajkami i pojemnikami z kefirem.* (Wyborcza)
Kiedy pochód OPZZ idący Krakowskim Przedmieściem zbliżał się w  stronę Uniwersytetu Warszawskiego prawicowa młodzież zaczęła krzyczeć ""SLD - KGB"", ""Raz sierpem, raz młotem czerwoną hołotę"", ""Józef Stalin was pochwali"", ""Cały naród krzyczy: Polska bez lewicy"".W stronę pikiety ze strony młodzieżówki PPS rzuconych zostało kilka jajek i kefirów. Prawicowa młodzież szczelnie otoczona przez policję nic nie odrzuciła. Do młodych antykomunistów krzyczano ""Faszyści, burżuje, wasz koniec się szykuje"". (Wprost)
## 2004
“Doszło do utarczek słownych z kilkunastoma działaczami prawicy, zgromadzonymi przed bramą Uniwersytetu Warszawskiego.” (Ciszewski, 2004)",umap_backup_1-maja_warszawa9.umap,15,umap_backup_1-maja_warszawa9.umap,Prawicowe kontry i blokady
PL_OPZZ_28,Sejm RP,PL,"52.2256155,21.0270682",2002;2003;2004;2005;2006;2007;2008;2009;2010,,umap_backup_1-maja_warszawa9.umap,28,umap_backup_1-maja_warszawa9.umap,OPZZ
PL_OPZZ_29,OPZZ Headquarters,PL,"52.23792,21.02029",1990;1991;1992;1993;1994;1995;1996;1997;1998;1999;2000;2001;2002;2003;2004;2005;2006;2007;2008;2009;2010;2012;2013;2014;2016;2017;2018,"Główne miejsce wiecu pierwszomajowego OPZZ. Przemawiają tu przewodniczący OPZZ i liderzy lewicy. Punkt początkowy wszystkich pochodów OPZZ w Warszawie.

Siedziba OPZZ.
Początek pochodu: 1990-2002; 2004-2010; 2012-2014; 2016-2018
2015: Wiec rozpoczynający demonstrację Partii Zmiana
Wiec zamiast pochodu: 2011",umap_backup_1-maja_warszawa9.umap,29,umap_backup_1-maja_warszawa9.umap,OPZZ
DE_Walpurgisnacht_7,Mauerpark Walpurgisplatz,DE,,1999;2000;2001;2002,"1999 – Walpurgisnacht alternative to Kollwitzplatz, which was under heavy police occupation. ""Reclaim the Streets"" called people to Alexanderplatz; part of the crowd later moved to Prenzlauer Berg. Smaller clashes with police near Mauerpark. (1999_DE; LÖPA chronology)
2000 – Walpurgisnacht celebrated peacefully. Commercially organised festivals at both Kollwitzplatz and Mauerpark, coordinated with police. Thousands of participants; police presence barely noticeable. (2000_DE; LÖPA chronology)
2001 – Walpurgisnacht peaceful. Police had difficulty finding an organiser for the Mauerpark festival due to its reputation for uncontrolled crowds; threats from left-wing groups against potential organisers. Festival took place nonetheless. (2001_DE; LÖPA chronology)
2002 – ~7,000 participants, peaceful until midnight. When firefighters were blocked from extinguishing a large fire on Eberswalder Straße, police cleared the street with water cannons and tear gas. First injuries reported; a young woman hit by a thrown bottle. (2002_DE; LÖPA chronology)
2003 – ~8,000 participants. Shortly after midnight, stone-throwing against police began; police entered from the north using water cannons, batons, and tear gas. Clashes continued between Schönhauser Allee, Eberswalder Straße, and Oderberger Straße until around 3:00 AM. A Johanniter-Unfallhilfe ambulance was stolen during the unrest. (2003_DE; LÖPA chronology)",1__mai_berlin_aktualna_11_.geojson,7,1__mai_berlin_aktualna_11_.geojson,Walpurgisnacht
DE_Walpurgisnacht_8,Mauerpark Walpurgisplatz,DE,,2001;2002;2003;2004;2005;2006;2007;2008;2009;2010;2011;2012;2013;2014;2015;2016;2017;2018,"## 2001
Family festival organised by the Turnerjugend (youth organisation of the Berliner Turnerbund), with police participation: a cheerleader group from the police sports club performed at the event. Programme included bouncy castle, skill games, health information stands, a petting zoo, and a lantern procession. The police's original plan — a large rock concert — had failed due to lack of funding and neighbourhood resistance. Simultaneously, the police organised a youth football tournament at the adjacent Friedrich-Ludwig-Jahn-Sportpark. (Tagesspiegel 17.04.2001)
*Heißer ging es im Mauerpark in Prenzlauer Berg zu. Die auf Initiative der Polizei vom Turnerbund am Nachmittag dort aufgestellten Hüpfburgen wurden von den Parkbesuchern weit gehend ignoriert. Erst in der Nacht drängelten sich 6.000 Menschen um zahlreiche Lagerfeuer und Trommler. Die Polizei griff selbst dann nicht ein, als sich gegen 23.30 Uhr einige Leute auf die Eberswalder Straße setzten. Stattdessen sperrte sie die Straße für den Durchgangsverkehr. Erst gegen 0:30 Uhr drohte kurzfistig eine Eskalation. Als Beamte einen pöbelnden Passanten nahe der Schönhauser Allee brutal zu Boden warfen, flogen erste Flaschen. Innerhalb von Minuten kamen Mannschaftswagen und Wasserwerfer herangeeilt. Die Polizei verzichtete aber darauf, Richtung Mauerpark vorzurücken. Weitere Festnahmen Angetrunkener waren umstritten. ""Fünf Mann auf eine Frau, was seid ihr für Helden"", kommentierte ein Polizist die Arbeit seiner Kollegen. Auf dem Gewerbegelände neben dem Mauerpark ging gegen 1.45 Uhr eine Baracke in Flammen auf. Ob es einen Zusammenhang mit den Lagerfeuern im Park gab, war gestern noch unklar. Heftige Zusammenstöße zwischen Polizei und Feiernden gab es nur in Friedrichshain.*

Attendance: 15000 (BM 2001)

## 2002
 ~7,000 participants, peaceful until midnight. When firefighters were blocked from extinguishing a large fire on Eberswalder Straße, police cleared the street with water cannons and tear gas. First injuries reported; a young woman hit by a thrown bottle.

*“Bereits am Vorabend des 1. Mai, in der Walpurgisnacht, war es in Berlin zu den schwersten Krawallen seit Jahren gekommen. In Prenzlauer Berg entzündeten mehrere hundert Randalierer nach einem Fest im Mauerpark ein großes Feuer auf einer Straße. Als die anrückende Feuerwehr angegriffen wurde, räumten Polizisten unter Steinwürfen die Straße. Am Kreuzberger Oranienplatz plünderten Vermummte nach einem Konzert einen Supermarkt. Die anrückende Polizei musste auch hier wegen Steinwürfen zunächst zurückweichen, bevor sie die Lage unter Kontrolle brachte. Laut Augenzeugenberichten hatten sich die Beamten während der Nacht weitgehend zurückgehalten” (“taz. Tageszeitung 2002 1. Mai”, 2002)*
 (2002_DE; LÖPA chronology)

## 2003
~8,000 participants. Shortly after midnight, stone-throwing against police began; police entered from the north using water cannons, batons, and tear gas. Clashes continued between Schönhauser Allee, Eberswalder Straße, and Oderberger Straße until around 3:00 AM. A Johanniter-Unfallhilfe ambulance was stolen during the unrest. (2003_DE; LÖPA chronology)

## 2004
Police introduced a total ban on glass bottles and cans; all drinks had to be transferred to plastic cups at the park entrance. Festival restricted to the northern part of the park; Eberswalder Straße excluded from the event area. Parking ban between Eberswalder Straße, Gleimstraße and Falkplatz from 8:00 AM. (Tagesspiegel 14.04.2004)

## 2012
Am Mauerpark in Prenzlauer Berg feierten bis zu 2000 Menschen ausgesprochen friedlich. Für den Park galt auch diesmal wieder ein Flaschen- und Dosenverbot. (BM, 1.05.2012)
Attendance: 2000 (BM)

## 2015
*21.00 Uhr – Im Mauerpark wird getanzt: Hartgesottene Feierleute lassen sich vom Regenwetter doch nicht die Laune verderben. Einige hundert Menschen - laut Polizei sollen es 400 sein - tanzen im Mauerpark zu den Platten der DJs vom ""Dub der guten Hoffnung"". Nach Angaben der Veranstalter soll das große Lagerfeuer den Regen überstanden haben; in wenigen Minuten soll es eine Feuershow geben.* (TsG)
Attendance: 400 (Tsg)


## 2019
no festival due to noise complaints of the neighbors",1__mai_berlin_aktualna_11_.geojson,8,1__mai_berlin_aktualna_11_.geojson,Walpurgisnacht
DE_Walpurgisnacht_9,Viktoriapark,DE,"52.4874665,13.3808123",2006;2007;2008;2009;2010;2011;2012;2013;2014;2015;2017;2018;2019,"## 2006
Rangeleien mit der Polizei gab es auch im Kreuzberger Viktoriapark, wo Jugendliche ein Feuer angezündet hatten. ""Da waren 200 Leute, zum Teil vermummt, die dachten, da entwickelt sich was"", sagte ein Polizeisprecher. Völlig ruhig blieb es dagegen im Mauerpark in Prenzlauer Berg. Wer in den Park wollte, musste sein Bier in Becher umschütten. Weil die Berliner Polizei ohnehin nicht mit Ausschreitungen rechnete, hatte sie die Einlasskontrollen an die Brandenburger Polizei übergeben.
## 2007
m Viktoriapark seien in derselben Nacht mehrere Feuer festgestellt worden, an denen sich teilweise bis zu
800 Personen aufgehalten hätten. Es sei nicht zu Störungen gekommen. Die Feuer habe die Feuerwehr löschen können. Polizeiliche Platzverweisungen hätten auch hier zu einem friedlichen Ende der Walpurgisnacht geführt. (Polizeibericht in Abgeordnetenhaus)

## 2008
21.00 Uhr, Viktoria-Park: Rund 500 Menschen versammeln sich auf dem Kreuzberg. Einige zünden ein Feuer, Polizisten löschen es. Dies wiederholt sich sechs Mal. Dann gibt die Polizei auf und lässt das Feuer brennen.

## 2009
*Im Gegensatz zur Veranstaltung in Friedrichshain verliefen die Feiern im Mauerpark im Stadtteil Prenzlauer Berg und im Kreuzberger Viktoriapark nach Polizeiangaben friedlich. Die Anhänger der militanten linken Szene in Berlin halten die Polizei bereits seit Wochen in Atem.* (merkur.de)

## 2010

23.23 Uhr: Im benachbarten Kreuzberg feiern 2000 Menschen im Viktoriapark. Ein Walpurgisnachtfeuer wurde von der Feuerwehr gelöscht. Die Stimmung ist friedlich. (BZ)

## 2011
""Im Kreuzberger Viktoriapark, in dem sich rund 800 Menschen versammelt hatten, musste die Polizei hingegen mehrfach einschreiten, weil ab etwa 22 Uhr immer wieder Feuer entfacht und Polizisten mit Flaschen oder Feuerwerkskörpern beworfen wurden.""
https://www.tagesspiegel.de/berlin/58-festnahmen-25-verletzte-beamte-6447214.html

## 2012
""Im Viktoriapark in Kreuzberg hatten sich bis zu 600 Personen versammelt. Gegen 22 Uhr 45 sind mehrere Kleinfeuer entzündet worden, die von Polizeibeamten gelöscht wurden.""

Attendance: 600 (Berliner Morgenpost)

https://www.xhain.net/polizeiticker/2012/walpurgisnacht-2012-polizei-zieht-bilanz

## 2013
""Im Kreuzberger Viktoriapark hielten sich bis zu 3000 Personen auf, im Görlitzer Park in Kreuzberg sowie im Volkspark Friedrichshain und am Boxhagener Platz im selben Stadtteil hatten sich insgesamt mehrere Hun[dert Personen versammelt]""

https://www.xhain.net/polizeiticker/2013/walpurgisnacht-2013-bilanz-der-polizei

## 2014
*Etwa 1000 Menschen hatten sich laut Polizei im Viktoriapark getroffen, um die Walpurgisnacht zu feiern. An verschiedenen Stellen wurden Lagerfeuer entzündet, die von der Polizei gelöscht wurden. Gegen 22.50 Uhr kippte die Stimmung; Flaschen flogen in Richtung Polizei. Die Polizeibeamten setzten Pfefferspray gegen die Flaschenwerfer ein, nach Angaben eines Polizeisprechers gab es 15 vorläufige Festnahmen. Mehrere Ermittlungsverfahren wegen Widerstands gegen Polizeibeamte und gefährlicher Körperverletzung wurden eingeleitet. Die Verdächtigen sind aber mittlerweile alle wieder auf freiem Fuß.* (tagesspiegel, 2.05.2014)

## 2015
*In der Nacht zuvor versammelten sich im Mauerpark in Prenzlauer Berg laut Polizei 500 Menschen friedlich. Auch im Viktoriapark und im Görlitzer Park trafen sich Hunderte Menschen.* (taz 2015)



## 2016
no confirmation

## 2017 
Auch die Feiern in den Parks der Stadt blieben friedlich. Lediglich im Viktoriapark in Kreuzberg musste die Polizei mehrere Lagerfeuer löschen. Da die anwesenden etwa 400 Parkbesucher mit dem Feiern nicht aufhören wollten und immer wieder neue Feuer entfachten, beendeten die Polizisten das Geschehen. (xhain.net)

Attendance:
400 (police via TsG)

## 2018
Mehrere tausend Menschen feierten die Walpurgisnacht in den verschiedenen Parks der Stadt, wie zum Beispiel im Mauerpark, Görlitzer Park, Monbijoupark und Volkspark Friedrichshain, völlig friedlich. Lediglich im Viktoriapark löschten Einsatzkräfte ein paar kleine Lagerfeuer. (xhain.net)

## 2019
Auch im Viktoriapark in Kreuzberg gab es kleinere Walpurgisfeiern, womit nach altem Brauch der Winter vertrieben wird. (WELT)  ",1__mai_berlin_aktualna_11_.geojson,9,1__mai_berlin_aktualna_11_.geojson,Walpurgisnacht
DE_East German Left_19,Kollwitzplatz,DE,"52.536232,13.417018",1990;1991;1992;1993;1994;1995;1996;1997;1998,"
---
1990 – endpoint of the anti-nazi, mostly east german demonstration against the nazis and the reunification (?) (taz 26.04.90, 1. Mai am Kollwitzplatz)
1991 – względnie szybko przygotowany festyn, zorganizowany przez wschodnioniemieckie grupy
1992 – koniec demonstracji ""Der Osten schlägt zurück"". 1000-osobowa demonstracja zwieńczona budowaniem barykad, rzucaniem kamieni i zamieszkami
1995 – Am Vorabend des 1.Mai feierten – wie seit Anfang der 90er Jahre üblich und jedes Jahr mehr – Menschen am Kollwitzplatz die Walpurgisnacht. Als die Bullen das Feuer auf dem Platz löschten und das Fest sprengten, wurden aus ein paar hundert rasch rund 2000 Menschen, die sich gegen die rund 600 Bullen zur Wehr setzten mit Steinen und Barrikaden (Glückspilz)
1996 – festyn w noc Walpurgii organizowany przez władze lokalne, komercyjny; zamieszki od ok. 1
Attendance: 10000 (JW)
1996 – planowany koniec wspólnej, radykalnej i ML demonstracji. Bójki tuż przed Kollwitzplatz, rozbicie obu pochodów przez policję

2000 – peaceful festival, coorganized by the city
2001 – peaceful festival, coorganized by the city",1__mai_berlin_aktualna_12_.geojson,19,1__mai_berlin_aktualna_12_.geojson,East German Left
DE_East German Left_20,Kollwitzplatz,DE,"52.536232,13.417018",1990;1991;1992;1993;1994;1995;1996;1997;1998,"
---
1990 – endpoint of the anti-nazi, mostly east german demonstration against the nazis and the reunification (?) (taz 26.04.90, 1. Mai am Kollwitzplatz)
1991 – względnie szybko przygotowany festyn, zorganizowany przez wschodnioniemieckie grupy
1992 – koniec demonstracji ""Der Osten schlägt zurück"". 1000-osobowa demonstracja zwieńczona budowaniem barykad, rzucaniem kamieni i zamieszkami
1995 – Am Vorabend des 1.Mai feierten – wie seit Anfang der 90er Jahre üblich und jedes Jahr mehr – Menschen am Kollwitzplatz die Walpurgisnacht. Als die Bullen das Feuer auf dem Platz löschten und das Fest sprengten, wurden aus ein paar hundert rasch rund 2000 Menschen, die sich gegen die rund 600 Bullen zur Wehr setzten mit Steinen und Barrikaden (Glückspilz)
1996 – festyn w noc Walpurgii organizowany przez władze lokalne, komercyjny; zamieszki od ok. 1
Attendance: 10000 (JW)
1996 – planowany koniec wspólnej, radykalnej i ML demonstracji. Bójki tuż przed Kollwitzplatz, rozbicie obu pochodów przez policję

2000 – peaceful festival, coorganized by the city
2001 – peaceful festival, coorganized by the city",1__mai_berlin_aktualna_12_.geojson,20,1__mai_berlin_aktualna_12_.geojson,East German Left
DE_DGB_2,Brandenburger Tor,DE,"52.51643,13.377399",2002;2003;2004;2005,"Brandenburger Tor / Platz des 18. März, Mitte.

1991: End of East German trade union march (Platz der Republik side). (DGBB 653)
1992: Part of DGB Sternmarsch route. (DGBB 657)
1994–1995: End point of RIM march from Oranienplatz. 1994: flag-burning, 15 arrested. (1994_DE; 1995_DE)
2002–2004: Start of unified DGB demonstration. (2002_DE–2004_DE)
2006: DGB Berlin main rally. ~17,000. Main speaker: Frank Bsirske (ver.di). (2006_DE; taz 30.04.2006)
2007: DGB Berlin main rally. ~12,000. (2007_DE)
2008: DGB Berlin main rally. ~6,000. (2008_DE)
2009: DGB Berlin main rally. ~20,000 (organisers) / 2,500 (police). (2009_DE)
2010: DGB Berlin main rally. ~12,000 (fest) / 6,000 (march). (2010_DE)
2011: DGB Berlin main rally. ~10,000. Cultural programme until 18:00. (2011_DE)
2012: DGB Berlin main rally. ~12,000–15,000. Guest speaker Ramon Gorriz (CCOO Spain). (2012_DE)
2013: DGB Berlin main rally. ~10,000. 80th anniversary of destruction of free trade unions. (2013_DE)
2014: DGB Berlin main rally. ~5,000. Central theme: statutory minimum wage 8.50 €. (2014_DE)
2015: DGB Berlin main rally. ~14,000. 125th anniversary of May Day; Governing Mayor Müller accompanied entire march. (2015_DE)
2016: DGB Berlin main rally. ~14,000. Theme: solidarity with refugees, integration. (2016_DE)
2017: DGB Berlin main rally. ~14,000. AfD counter-context. (2017_DE)
2018: DGB Berlin main rally. ~14,000. IG Metall strike context: Arbeitszeitmauer Ost/West. (2018_DE)
2019: DGB demonstration reaches here at ~10:48. ~5,500 police deployed across the city. (2019_DE)

[Open in Obsidian by year: see individual year notes 1990_DE–2019_DE]",1__mai_berlin_aktualna_14_.geojson,2,1__mai_berlin_aktualna_14_.geojson,DGB
DE_DGB_3,DGB Main headquarters (1999-2019),DE,"52.522645,13.401954",,,1__mai_berlin_aktualna_14_.geojson,3,1__mai_berlin_aktualna_14_.geojson,DGB
DE_DGB_4,DGB-Haus,DE,"52.5018563,13.3456562",1990;1991;1992;1993;2006;2007;2008;2009;2010;2011,"DGB-Haus Berlin, Keithstraße 1–3, Schöneberg (near Wittenbergplatz/Kleiststraße).

1990–1993: Beginning rally point for the DGB Sternmarsch. (1990_DE–1993_DE)
2005: Start of cycling cortège, 8:00. (2005_DE; DGB erstermai.dgb)
2006: Foot demonstration starts here. (2006_DE; taz 30.04.2006)
2007: Demo starts 9:00 with short auftakt rally, then to Brandenburger Tor. (2007_DE; taz 30.04.2007)
2008: Start of cycling and motorcycle cortège, 10:00. (2008_DE; Berliner Zeitung 30.04.2008)
2009: Meeting point 9:00 for Motorrad-, Fahrrad- and Skaterkorso. (2009_DE; nd 30.04.2009)
2011: Route: DGB-Haus – Kleiststraße – Bülowstraße – Potsdamer Straße – Lützowstraße – Ebertstraße – Brandenburger Tor. (2011_DE; taz 30.04.2011)
2012–2015: Demonstration starts from Hackescher Markt instead. (2012_DE–2015_DE)

[Open in Obsidian by year: see individual year notes 1990_DE–2019_DE]",1__mai_berlin_aktualna_14_.geojson,4,1__mai_berlin_aktualna_14_.geojson,DGB
DE_DGB_5,Haus des Deutschen Verkehrsbunds,DE,"52.506217,13.419929",1994;1995;1996;1997;1998;2000;2001,"Engeldamm 70, Mitte. Before 1933: housed trade unions outside large industrial unions. 1933: seized by Nazis on 2 May. 1950–1990: used by FDGB. 1993–2002: ÖTV Berlin headquarters, then ver.di.

1994: ÖTV beginning rally. Route to Lustgarten not fully documented. (1994_DE)
1995: Beginning rally; route to Köllnischer Park. (1995_DE; ND 28.04.1995)
1996–1998: ÖTV, HBV, DPG, GEW, CPK gather here before Sternmarsch. (1996_DE–1998_DE; taz 30.04.1996)
2000–2001: Route: Engeldamm – Heinrich-Heine-Straße – Brückenstraße – Alexanderstraße – Spandauer Straße – Rotes Rathaus. (2000_DE; 2001_DE)
2002: ver.di formed from ÖTV merger. Unified DGB demo replaces Sternmarsch. (2002_DE)

[Open in Obsidian by year: see individual year notes 1990_DE–2019_DE]",1__mai_berlin_aktualna_14_.geojson,5,1__mai_berlin_aktualna_14_.geojson,DGB
DE_DGB_6,IG Metall HQ,DE,"52.499177,13.39596",1990;1991;1992;1993;1994;1996;1997;1998;1999;2000;2001,"IG Metall Berlin, Alte Jakobstraße 149, Kreuzberg.

1990: Joint beginning rally for IG Metall and IG Metall-Ost. (1990_DE; DGBB 651)
1991–1992: Beginning rally. Route: Alte Jakobstraße – Oranienstraße – Kochstraße – Friedrichstraße – Unter den Linden – Platz der Republik. (1991_DE; DGBB 653)
1992–1994: Route: Alte Jakobstraße – Oranienstraße – Moritzplatz – Heinrich-Heine-Straße – Brückenstraße – Spandauer Straße – Lustgarten. (1992_DE–1994_DE; DGBG 656)
1996–1999: IG Metall, IG Medien, GHK gather here. 1997: SPD leadership joined this contingent. (1996_DE–1999_DE; taz 30.04.1996)
2000–2001: Route: IG Metall-Haus – Alte Jakobstraße – Fischerinsel – Breite Straße – Rathausstraße – Spandauer Straße – Rotes Rathaus. (2000_DE; Berliner Kurier 29.04.2000)
2002 onwards: Joins unified DGB demonstration from new starting points. (2002_DE onwards)

[Open in Obsidian by year: see individual year notes 1990_DE–2019_DE]",1__mai_berlin_aktualna_14_.geojson,6,1__mai_berlin_aktualna_14_.geojson,DGB
DE_DGB_8,Lustgarten,DE,"52.5185383,13.399396320043286",1990;1992;1993;1994,"Lustgarten, Museumsinsel, Mitte.

1990: FDGB auftakt rally, ~7,000 participants. First joint East-West May Day event since 1947. (1990_DE; ND 2.05.1990)
1992: DGB Berlin main rally. ~40,000. Motto 'Teilen verbindet' contested within unions — some replaced it with 'Solidarität'. (1992_DE; DGBB 657)

**1992 Lustgarten rally as a sign of Berlin's unification**
Sie werden sicher wissen, daß der Deutsche Gewerkschaftsbund, Landesbezirk Berlin-Brandenburg, am 1. Mai 1992 erstmals seine Maikundgebung im Lustgarten durchgeführt hat, nachdem diese traditionellen Veranstaltungen bis 1991 vordem Reichstag stattfanden. **Unsere Absicht dabei war, ein politisches Zeichen für den Zusammenschluß Berlins zu setzen und auch die künftigen Maikundgebungenim Bereich des Lustgartens durchzuführen** (Bernd Rissmann in a letter to Gerhard Keil, Bezirk Mitte Bürgermeister, 26.08.1992; DGBG000664)

1993: DGB Berlin main rally. ~15,000–30,000. Main speaker: Yilmaz Karahasan (IG Metall). (1993_DE; taz 3.05.1993)
1994: DGB Berlin main rally. ~5,000–8,000. Kurdish groups blocked from stage over PKK flags. (1994_DE)
1995: No longer main rally site — replaced by Köllnischer Park. (1995_DE)

[Open in Obsidian by year: see individual year notes 1990_DE–2019_DE]",1__mai_berlin_aktualna_14_.geojson,8,1__mai_berlin_aktualna_14_.geojson,DGB
DE_DGB_10,ÖTV trade union headquarters,DE,"52.500294,13.330954",1990;1991;1992;1993,"1990-1993 – ÖTV and GEW parade start
",1__mai_berlin_aktualna_14_.geojson,10,1__mai_berlin_aktualna_14_.geojson,DGB
DE_DGB_12,Wallstrasse 61-65 (former HQ of Berlin FDGB and pre-war ADGB),DE,"52.5131795,13.4122918",1991;1992;1993;1994,"Wallstraße 61–65, Mitte. Pre-1933: ADGB headquarters. Seized by Nazis on 2 May 1933. GDR era: FDGB Berlin headquarters.

1991: IG BAU union demonstration beginning rally. Route: Wallstraße – Märkisches Ufer – Brückenstraße – Stralauer Straße – Spandauer Straße – Karl-Liebknecht-Straße – Platz der Republik. (1991_DE; DGBB 653)
1992: IG BAU union beginning rally, same route towards Lustgarten. (1992_DE; DGBB 657)
1993–1994: Assumed same starting point; route not separately documented. (assumed)

[Open in Obsidian by year: see individual year notes 1990_DE–2019_DE]",1__mai_berlin_aktualna_14_.geojson,12,1__mai_berlin_aktualna_14_.geojson,DGB
DE_Revolutionäre 1. Mai_70,Bergmannstraße,DE,"52.48882209802496,13.402425360714567",2000;2001;2002,"## 2000 
festyn organizowany przez policję, mający odwieźć młodzież od udziału w wydarzeniach lewicy radykalnej

*Auf einem nur mittelmäßig besuchten Fest in der Bergmannstraße trug die Polizei gestern in Kreuzberg zur Deeskaltion bei. Beamte der Wasserschutzpolizei und der Reiterstaffel spazierten in Zweierformationen über die Meile und parlierten mit den Bürgern. Das Sportfest war Teil des polizeilichen Konzepts AHA, mit dem erlebnishungrige jugendliche Mitläufer von Randale abgehalten werden sollten. Dass es sich bei den Jugendlichen und Kindern, die sich gestern in der Bergmannstraße beim Streetball, Bunge-Jumping und Kistenklettern vergnügten, wirklich um die gemeinte Zielgruppe handelte, darf bezweifelt werden. Spaß hatten sie allemal. „Wir hätten sonst woanders Streetball gespielt“, versicherte ein 18-jähriger Jugendlicher mit Nachdruck, dass er und seine Freunde schon lange nicht mehr zur Mai-Randale gingen. „Das ist doch langweilig geworden. Die Bullen, die da immer noch hinmüssen, tun mir schon fast Leid.“* (taz 2.05.2000)

## 2002
Tagesspiegel pisze o trzecim festynie organizowanym przez policję dla młodzieży w tym miejscu (Tagesspiegel 3.05.2002)",1__mai_berlin_aktualna_15_.geojson,70,1__mai_berlin_aktualna_15_.geojson,Revolutionäre 1. Mai
DE_Revolutionäre 1. Mai_74,Lausitzer Platz,DE,"52.500235,13.4307",1987;1988;1989;1990;1991,"1987 – festyn, od którego zaczynają się zamieszki
1988 – festyn, pokojowy przebieg, kończy się przed rozpoczęciem zamieszek
1989 – festyn współorganizowany przez radykalną lewicę, AL i  ""Gewerkschaftsleuten""
1990 – zamieszki: ludzie rzucają kamieniami w policjantów blokujących wejście do Görlitzer Park
1991 – spontaniczny festiwal, który kończy się zamieszkami",1__mai_berlin_aktualna_15_.geojson,74,1__mai_berlin_aktualna_15_.geojson,Revolutionäre 1. Mai
DE_Revolutionäre 1. Mai_76,Oranienplatz,DE,"52.5022391,13.41571442375585",1992;1993;1994;1996;1997;1998;1999;2002;2016;2017;2018,"1987: Lausitzer Platz festival sparks riots – starting point of the R1M tradition. (2001_DE Apel)
1988: First organised Revolutionärer 1. Mai demonstration starts from here. (2001_DE Apel)
1990: R1M start, route: Oranienplatz → Oranienstr. → Wiener Str. → Ohlauer Str. → Friedelstr. → Reuterstr. → Hermannplatz → Kottbusser Tor. (Interim 99/1990; 1990_DE)
1991: R1M start, 13:00, route towards Friedrichshain (Bänschstr./Proskauerstr.). (Interim 142/1991; 1991_DE)
1992: R1M start, route through Mitte and Neukölln to Kottbusser Tor. (Interim 189/1992; 1992_DE)
1993: RIM demo start, 13:00, towards Brandenburger Tor. Halted by police near Mühlendamm. (1993_DE; taz 3.05.1993)
1994: No R1M demo. Internationalist street festival (alcohol-free) organised here instead. (1994_DE; taz 28.04.1994)
1995: RIM demo start, towards Brandenburger Tor. (1995_DE)
1996: SPLIT. ML/Turkish left demo starts here towards Kollwitzplatz. AAB/Autonomen start from Rosa-Luxemburg-Platz for the first time, after conflict over route. (1996_DE; taz 2.05.1996)
1997: ML/Turkish left demo starts here. AAB again from Rosa-Luxemburg-Platz. (1997_DE)
1998: RIM demo starts here, 13:00. AAB demo starts from Rosa-Luxemburg-Platz, 18:00. (1998_DE)
1999: Joint AAB + communist autonomous demo starts here. (1999_DE Trasa_revo)
2000: Two demos start here: 13:00 and 18:00. (2000_DE)
2001: R1M starts here, 14:10, ~2,500 participants. (2001_DE; BZ 2.05.2001)
2002: AAB moved start to Rosa-Luxemburg-Platz (16:00). 18:00 demo still starts here. (2002_DE)
2003: ALB demo starts here, 15:00. K&P demo (18:00) starts from Rosa-Luxemburg-Platz. (2003_DE; ND 30.04.2003)
2004: 13:00 demo starts here (Keine Befreiung ohne Revolution). 16:00 demo starts from Leipziger Platz. At midnight: hardcore concert on stage here, 50m away bins burning, 4 water cannons. (2004_DE; taz 2.05.2004)
2005: No official R1M demo. Spontaneous demo forms at 18:00, blocked by police at Oranienstraße after passing the square. (2005_DE; Umbruch Archiv)
2006: 13:10 maoist rally (motto: ""Eine andere Welt ist möglich""). 18:08 spontaneous demo (~200, black hoods, red flags) breaks out towards Mariannenplatz. 19:45 Innensenator Körting gives press conference here. (2006_DE; taz liveticker)
2007: R1M demo, 18:00. Start location not confirmed in available sources. (2007_DE — not documented)
2008: R1M start, 13:00 (1.-Mai-Bündnis gegen Ausbeutung, Unterdrückung und Krieg), route to Kottbusser Tor → Heinrichplatz. (2008_DE; taz 30.04.2008)
2009: Turkish communist demo starts here, 13:00. 18:00 Antifa demo starts from Kottbusser Tor. (2009_DE; taz 30.04.2009)
2010–2015: Start location not confirmed in available sources. [not documented]
2016: R1M start, 18:00. (2016_DE; taz liveticker 1.05.2016)
2017: R1M start location not confirmed. Route starts on Oranienstraße. (2017_DE Trasa_revo)
2018: R1M demo, 18:00. Start location not confirmed in available sources. [not documented]
2019: R1M moved away from Kreuzberg for the first time — starts at Wismarplatz, Wedding, 18:00. Motto: against Deutsche Wohnen. (2019_DE)

[Open in Obsidian by year: see individual year notes 1990_DE–2019_DE]",1__mai_berlin_aktualna_15_.geojson,76,1__mai_berlin_aktualna_15_.geojson,Revolutionäre 1. Mai
DE_Other events_20,Mariannenplatz,DE,"52.502325,13.424466",1997;1998;1999;2000;2001;2002;2003;2004;2005;2006;2007;2008;2009;2010;2011;2012;2013;2014;2015;2016;2017;2018;2019,"The first 1. Mai Fest at Mariannenplatz was organised in 1972 by the squatters of the nearby Bethanien. Their idea was to inform the broader public about their situation. At least between 1987 and 1997 no festival was organised there, when it was revived by a coalition of district political forces and continues up until the end of the researched period (https://www.umbruch-bildarchiv.de/bildarchiv/ereignis/010577berlin.html; https://taz.de/Bethanien-Besetzer-ueber-Vergangenes/!5818723/)

1992 – planowany festiwal LGBT przy Muskauer strasse (taz)
1997 – festyn wspierany przez PDS/Zielonych, tuż przed końcem dochodzi tam do starć z policją
1998 – pokojowo zakończony festyn
## 1999
peaceful festival. *Gegen den Krieg wird am Mariannenplatz angefeiert. Von 14 bis 21 Uhr wird Kultur geboten, u. a. mit den Gruppen Yaam und Kreuzberger Musikalische Aktion. Es spricht der Kreuzberger Bürgermeister Franz Schulz (Grüne), die Kampagne gegen Wehrpflicht und andere.* (taz 29.04.1999)

2000 – peaceful festival

## 2001

*“Die Polizei löste um kurz nach 18 Uhr das traditionelle Straßenfest am Mariannenplatz mit rund 5.000 Besuchern auf, setzte Wasserwerfer ein und räumte den Platz. Die Begründung: Stein- und Flaschenwürfe auf Beamte. Hunderte TeilnehmerInnen des Festes schlugen zurück. Unter Applaus anderer Besucher trieben sie die Polizisten mit Pflastersteinen und Flaschen vom Platz. Bis Redaktionsschluss mussten sich die Beamten zweimal zurückziehen. Ein Bauwagen und ein Auto gingen in Flammen auf.”* (taz)",umap_backup_1-mai-berlin_aktualna16.umap,20,umap_backup_1-mai-berlin_aktualna16.umap,Other events
DE_Other events_21,Mariannenplatz,DE,"52.502325,13.424466",2026,"The first 1. Mai Fest at Mariannenplatz was organised in 1972 by the squatters of the nearby Bethanien. Their idea was to inform the broader public about their situation. At least between 1987 and 1997 no festival was organised there, when it was revived by a coalition of district political forces and continues up until the end of the researched period (https://www.umbruch-bildarchiv.de/bildarchiv/ereignis/010577berlin.html; https://taz.de/Bethanien-Besetzer-ueber-Vergangenes/!5818723/)

1992 – planowany festiwal LGBT przy Muskauer strasse (taz)
1997 – festyn wspierany przez PDS/Zielonych, tuż przed końcem dochodzi tam do starć z policją
1998 – pokojowo zakończony festyn
## 1999
peaceful festival. *Gegen den Krieg wird am Mariannenplatz angefeiert. Von 14 bis 21 Uhr wird Kultur geboten, u. a. mit den Gruppen Yaam und Kreuzberger Musikalische Aktion. Es spricht der Kreuzberger Bürgermeister Franz Schulz (Grüne), die Kampagne gegen Wehrpflicht und andere.* (taz 29.04.1999)

2000 – peaceful festival

## 2001

*“Die Polizei löste um kurz nach 18 Uhr das traditionelle Straßenfest am Mariannenplatz mit rund 5.000 Besuchern auf, setzte Wasserwerfer ein und räumte den Platz. Die Begründung: Stein- und Flaschenwürfe auf Beamte. Hunderte TeilnehmerInnen des Festes schlugen zurück. Unter Applaus anderer Besucher trieben sie die Polizisten mit Pflastersteinen und Flaschen vom Platz. Bis Redaktionsschluss mussten sich die Beamten zweimal zurückziehen. Ein Bauwagen und ein Auto gingen in Flammen auf.”* (taz)",umap_backup_1-mai-berlin_aktualna16.umap,21,umap_backup_1-mai-berlin_aktualna16.umap,Other events
DE_Points of Interest_0,Axel-Springer-Haus,DE,"52.507563,13.39809",1990;1991;1992;1993;1994;1995;1996;1997;1998;1999;2000;2001;2002;2003;2004;2005;2006;2007;2008;2009;2010;2011;2012;2013;2014;2015;2016;2017;2018;2019,2012 – **,umap_backup_1-mai-berlin_aktualna16.umap,0,umap_backup_1-mai-berlin_aktualna16.umap,Points of Interest
DE_Points of Interest_1,Bundesverband Leiharbeit/Arbeitgeberverband Mittelständischer Personaldienstleister (AMP),DE,"52.5109178,13.3875522",2011,2011 – ,umap_backup_1-mai-berlin_aktualna16.umap,1,umap_backup_1-mai-berlin_aktualna16.umap,Points of Interest
DE_Points of Interest_2,Bundesverband Zeitarbeit Personal-Dienstleistungen,DE,"52.508974,13.3899616",2011,2011 – point on the FAU Spaziergang,umap_backup_1-mai-berlin_aktualna16.umap,2,umap_backup_1-mai-berlin_aktualna16.umap,Points of Interest
DE_Points of Interest_3,Federal Ministy of Labour and Social Affairs,DE,"52.5126664,13.3843762",2011,2011 – on route of FAU (Spaziergang),umap_backup_1-mai-berlin_aktualna16.umap,3,umap_backup_1-mai-berlin_aktualna16.umap,Points of Interest
DE_Points of Interest_4,Gerhard-Hauptman Hochsule,DE,"52.49599,13.430389",2015,"Between 2012 and 2018 refugees squatted the empty building of a former high school in Kreuzberg. On 24th June, due to bad living conditions in the building, city authorities offered to move the dwellers to a different building. The group refugees who declined the offer were then supported by demonstrations, aiming to defend them from the looming eviction by the police. The site became a hotspot of protest  in the following years.

On May 1st 2015, R1M demonstration passed the buidling",umap_backup_1-mai-berlin_aktualna16.umap,4,umap_backup_1-mai-berlin_aktualna16.umap,Points of Interest
DE_Points of Interest_5,Haus der Demokratie,DE,"52.51375940286752,13.391486406326296",1990;1991;1992;1993;1994;1995;1996;1997,,umap_backup_1-mai-berlin_aktualna16.umap,5,umap_backup_1-mai-berlin_aktualna16.umap,Points of Interest
DE_Points of Interest_6,Haus der Deutschen Wirtschaft,DE,"52.5149552,13.4054999",2005,2005 – endpoint of FAU demonstration,umap_backup_1-mai-berlin_aktualna16.umap,6,umap_backup_1-mai-berlin_aktualna16.umap,Points of Interest
DE_Points of Interest_7,Olympia Personaldienstleistungen GmbH,DE,"52.5271288,13.3859648",2011,2011 – Endpoint of FAU walk,umap_backup_1-mai-berlin_aktualna16.umap,7,umap_backup_1-mai-berlin_aktualna16.umap,Points of Interest
DE_Points of Interest_8,Randstad Deutschland,DE,"52.5193389,13.3881827",2011,2011 – FAU route,umap_backup_1-mai-berlin_aktualna16.umap,8,umap_backup_1-mai-berlin_aktualna16.umap,Points of Interest
DE_Points of Interest_9,Red City Hall,DE,"52.518271799999994,13.407830867048435",1996;1997;1998;1999;2000;2001;2002;2003;2004;2005,"Rotes Rathaus (Red City Hall), Rathausstraße, Mitte.

1996: DGB Berlin main rally. ~20,000. DGB chief Schulte booed and pelted with tomatoes by BKG protesters against 'Bündnis für Arbeit'. (1996_DE; taz 2.05.1996)
1997: DGB Berlin main rally. ~5,000. PDS organises separate event here at 12:00 directly after. (1997_DE; taz 30.04.1997)
1998: DGB Berlin main rally. ~15,000–20,000. Live broadcast on SFB. (1998_DE)
1999: DGB Berlin main rally. ~10,000–15,000. First time jointly with DAG. (1999_DE)
2000: DGB Berlin main rally. ~12,000. (2000_DE)
2001: DGB Berlin main rally. ~10,000–25,000. (2001_DE)
2002: DGB Berlin main rally. ~7,000–25,000. First unified DGB demonstration (no Sternmarsch). (2002_DE)
2003: DGB Berlin main rally. ~4,000–20,000. PDS marches in DGB demo for first time. Traditional reception with Wowereit cancelled (protest against SPD senate). (2003_DE)
2004: DGB Berlin main rally. ~20,000–25,000. DGB-BB Vize Rissmann: 'Das ist die Wende'. (2004_DE; taz 2.05.2004)
2005: DGB Berlin main rally. ~12,000. (2005_DE)
2006 onwards: No longer main rally site — replaced by Brandenburger Tor. (2006_DE)

[Open in Obsidian by year: see individual year notes 1990_DE–2019_DE]",umap_backup_1-mai-berlin_aktualna16.umap,9,umap_backup_1-mai-berlin_aktualna16.umap,Points of Interest
DE_Points of Interest_10,Treuhandanstalt/Bundesfinanzministerium,DE,"52.508828,13.384708",1991;1992;1993;1994;1999;2000;2001;2002;2003;2004;2005;2006;2007;2008;2009;2010;2011;2012;2013;2014;2015;2016;2017;2018;2019,The main headquarters of Treuhandanstalt between ca. March 1991-1994. Since 1999 Ministry of Finance headquarters,umap_backup_1-mai-berlin_aktualna16.umap,10,umap_backup_1-mai-berlin_aktualna16.umap,Points of Interest
DE_Points of Interest_11,Weddinger Blutmai Memorial,DE,"52.5486087,13.37222405",1991;2019,"
The commemorative stone was first unveiled on April 30th, 1991 by Wedding's Baustadtrat Dieter Scholz at the Walter-Röber-Brücke (‘Gedenkstein für Opfer des “Blutmai” von 1929 enthüllt’, 1991; Unterwegs im »Roten Wedding, 2024; Hensel, 2025b).[2]. The initiative to erect the monument came from Heimatverein Wedding e. V., a local history association.

On May 4th, 2019, marking the 90th anniversary of the Blutmai, an information plaque bearing a QR-code that redirects to the official website prepared by the AG Gedenkstein was unveiled next to the commemorative stone (Hensel, 2025a). The ceremony was attended by the president of Berlin's Abgeordnetenhaus, Ralf Wieland.

These commemorative ceremonies have been held by the AG Gedenkstein since 2015, and from 2019 they have also been joined by members of ""Hände weg vom Wedding"", the group behind the Walpurgisnacht demonstrations held in the district since 2012 (Hensel, 2025a).

In 2019, on May 1st, its members organised a historical walk through Wedding that included a wreath-laying ceremony at the commemorative stone (‘Weddinger Blutmai 1929’, 2019). They also took part in the May 4th ceremony organised by the AG Gedenkstein.

## 2026
17.15 Uhr -19 Uhr",umap_backup_1-mai-berlin_aktualna16.umap,11,umap_backup_1-mai-berlin_aktualna16.umap,Points of Interest
DE_Points of Interest_12,Weddinger Blutmai Memorial,DE,"52.5486087,13.37222405",2026,"
The commemorative stone was first unveiled on April 30th, 1991 by Wedding's Baustadtrat Dieter Scholz at the Walter-Röber-Brücke (‘Gedenkstein für Opfer des “Blutmai” von 1929 enthüllt’, 1991; Unterwegs im »Roten Wedding, 2024; Hensel, 2025b).[2]. The initiative to erect the monument came from Heimatverein Wedding e. V., a local history association.

On May 4th, 2019, marking the 90th anniversary of the Blutmai, an information plaque bearing a QR-code that redirects to the official website prepared by the AG Gedenkstein was unveiled next to the commemorative stone (Hensel, 2025a). The ceremony was attended by the president of Berlin's Abgeordnetenhaus, Ralf Wieland.

These commemorative ceremonies have been held by the AG Gedenkstein since 2015, and from 2019 they have also been joined by members of ""Hände weg vom Wedding"", the group behind the Walpurgisnacht demonstrations held in the district since 2012 (Hensel, 2025a).

In 2019, on May 1st, its members organised a historical walk through Wedding that included a wreath-laying ceremony at the commemorative stone (‘Weddinger Blutmai 1929’, 2019). They also took part in the May 4th ceremony organised by the AG Gedenkstein.

## 2026
17.15 Uhr -19 Uhr",umap_backup_1-mai-berlin_aktualna16.umap,12,umap_backup_1-mai-berlin_aktualna16.umap,Points of Interest
DE_Points of Interest_13,Willy-Brandt-Haus,DE,"52.500130729984924,13.388278484344482",2014,"Since 1999, central headquarters of SPD.
2014 – end-point of R1M demonstration",umap_backup_1-mai-berlin_aktualna16.umap,13,umap_backup_1-mai-berlin_aktualna16.umap,Points of Interest
DE_MyGruni_0,2018 MyGruni,DE,,2018,"""Warum immer Kreuzberg? Warum nicht mal in einem richtigen Problembezirk auf die Straße gehen?"" fragten sich die Hedonist-international.org/ und starteten den 1. Mai bereits am Nachmittag um 14 Uhr mit einer Demo im Grunewald. Statt der angemeldeten 200 Teilnehmer*innen zogen mehr als 3.000 Menschen begleitet von Lärm, Wumms und allerlei guten Ideen, die laut in die Vorgärten schallten, vom S-Bahnhof Grunewald durch das Villenviertel. An der fast sieben Kilometer langen Strecke lagen Botschaften, Residenzen und die Häuser zahlreicher Prominenter. Einige Villen, bei denen die Gartentür offen stand, wurden gleich mal besichtigt, bei anderen Sturm geklingelt oder sie mit Aufklebern und anderem verschönert. Das führte zu einem längeren unfreiwilligen Aufenthalt in der Nähe der britischen Botschaft. Nach einer Stunde gab die Polizei die Straße wieder frei. Wo eine Villa ist, ist auch ein Weg.  (Umbruch Archiv)

Attendance: 1500 (taz, ticker 2018)",umap_backup_1-mai-berlin_aktualna16.umap,0,umap_backup_1-mai-berlin_aktualna16.umap,MyGruni
DE_MyGruni_1,2019 MyGruni,DE,,2019,"(https://x.com/QMGrunewald/status/1122441996206059521?ref_src=twsrc%5Etfw%7Ctwcamp%5Etweetembed%7Ctwterm%5E1122441996206059521%7Ctwgr%5E8da16f343d9f2a15bfd5eb3756be7a07a50a015d%7Ctwcon%5Es1_c10&ref_url=https%3A%2F%2Fwww.berliner-kurier.de%2Farchiv%2F1-mai-2019-und-walpurgisnacht-in-berlin-demonstrationen-und-feiern-in-wedding-kreuzberg-und-friedrichshain-li.2122132)
Attendance: 3000 (Berliner Zeitung, 2.05.2019)
7500 (organisers via Berliner Zeitung 1.05.2019)",umap_backup_1-mai-berlin_aktualna16.umap,1,umap_backup_1-mai-berlin_aktualna16.umap,MyGruni
DE_MyGruni_2,2026 MyGruni Fahrraddemo,DE,,2026,10:30 Brandenburger Tor – 13:30 Bismarckplatz (BM 2026),umap_backup_1-mai-berlin_aktualna16.umap,2,umap_backup_1-mai-berlin_aktualna16.umap,MyGruni
DE_MyGruni_3,MyGruni 2026. Autobahnen zu Tennisplätzenoder Radwegen!,DE,,2026,BM 2026,umap_backup_1-mai-berlin_aktualna16.umap,3,umap_backup_1-mai-berlin_aktualna16.umap,MyGruni
