rok,liczba_wydarzen,typy,liczba_demonstracji,liczba_upamietnien,liczba_festynow,czy_kontra,demonstracje_piesze,korso,liczba_rewolucyjnych,marsz_gwiazdzisty,liczba_zwiazkowych,liczba_prawicowych,liczba_kontra,liczba_wiecow,liczba_happeningow,liczba_spotkan,liczba_koncertow,liczba_poza_centrum,liczba_dzielnicowych,dzielnicowe_kronika,frekwencja_suma,frekwencja_maj1,frekwencja_walpurgis,frekwencja_npd_kontra,frekwencja_zwiazkowa,udzial_zwiazkowy,liczba_aktorow,aktorzy_nowi,aktorzy_znikajacy,wydarzenia_nowe,wydarzenia_znikajace,miejsce_wiecu,miejsce_wiecu_zmienione,trasa_glowna_zmieniona,notatka,frekwencja_anarchi,frekwencja_fest_eu,frekwencja_lew_alt,frekwencja_opzz,frekwencja_parada,frekwencja_pps,frekwencja_prawica
1989,0,,0,0,0,FALSE,0,0,0,,0,0,0,0,0,0,0,0,0,0,,,,,,,0,,,,,,,,obsidian://open?vault=Wszystko&file=1989_PL,,,,,,,
1990,14,demonstracja:4;festyn:1;kontra:1;spotkanie:3;upamiętnienie:4;wiec:1,4,4,1,TRUE,3,0,0,FALSE,3,2,1,1,0,3,0,4,0,0,14550,14550,,,14250,0.979,11,,,,,plac Teatralny,,,obsidian://open?vault=Wszystko&file=1990_PL,50,,250,14250,,,
1991,9,demonstracja:5;kontra:1;upamiętnienie:3,5,3,0,TRUE,3,0,0,FALSE,2,1,1,0,0,0,0,2,0,0,12730,12730,,,12500,0.982,6,,PPS-RD/PPS-TKK/Anarchist;Prezydent;Prezydent RP;SdRP;Trybuna Ludu,1991_PL_demonstracja_PPS-linestring,1990_PL_demonstracja_PPS-RD-PPS-TKK-Anarchist;1990_PL_festyn_Trybuna-Ludu;1990_PL_spotkanie_Prawica;1990_PL_spotkanie_Prezydent-Wizyta-Wojciecha-Jaruzelskiego-w-elektro;1990_PL_spotkanie_SdRP;1990_PL_upamiętnienie_Prezydent-RP-Brama-Stracen;1990_PL_wiec_Solidarnosc,plac Teatralny,FALSE,TRUE,obsidian://open?vault=Wszystko&file=1991_PL,30,,,12500,,200,
1992,7,demonstracja:3;kontra:1;upamiętnienie:3,3,3,0,TRUE,2,0,0,FALSE,2,1,1,0,0,0,0,2,0,0,24200,24200,,,24000,0.992,6,UP_OPZZ_SdRP,Anarchiści,1992_PL_upamiętnienie_UP-OPZZ-SdRP-Brama-Stracen,1991_PL_demonstracja_Anarchisci,plac Teatralny,FALSE,FALSE,obsidian://open?vault=Wszystko&file=1992_PL,,,,24000,,200,
1993,9,demonstracja:3;festyn:1;kontra:1;upamiętnienie:4,3,4,1,TRUE,2,0,0,FALSE,2,1,1,0,0,0,0,3,0,0,8000,8000,,,8000,1.0,8,SLD_OPZZ;SdRP;Unia Pracy,UP_OPZZ_SdRP,1993_PL_festyn_SdRP;1993_PL_upamiętnienie_SLD-OPZZ-Brama-Stracen;1993_PL_upamiętnienie_Unia-Pracy-Brama-Stracen,1992_PL_upamiętnienie_UP-OPZZ-SdRP-Brama-Stracen,plac Teatralny,FALSE,TRUE,obsidian://open?vault=Wszystko&file=1993_PL,,,,8000,,,
1994,11,demonstracja:3;festyn:1;happening:1;kontra:1;upamiętnienie:4;wiec:1,3,4,1,TRUE,2,0,0,FALSE,2,2,2,1,1,0,0,3,0,0,3100,3100,,,3000,0.968,8,Liga Republikańska,SLD_OPZZ,1994_PL_happening_Liga-Republikanska;1994_PL_wiec_PPS-Pomnik-Kopernika,1993_PL_upamiętnienie_SLD-OPZZ-Brama-Stracen,plac Teatralny,FALSE,TRUE,obsidian://open?vault=Wszystko&file=1994_PL,,,,3000,,100,
1995,12,demonstracja:4;festyn:1;kontra:3;upamiętnienie:4,4,4,1,TRUE,3,0,0,FALSE,2,3,3,0,0,0,0,4,0,0,5080,4980,,100,4500,0.886,11,Anarchiści;NZS;SLD_OPZZ;UP;UPR,Liga Republikańska;SdRP,1995_PL_demonstracja_Anarchisci;1995_PL_festyn_UP;1995_PL_kontra_NZS;1995_PL_kontra_UPR;1995_PL_upamiętnienie_SLD-OPZZ-Brama-Stracen,1994_PL_festyn_SdRP;1994_PL_happening_Liga-Republikanska;1994_PL_wiec_PPS-Pomnik-Kopernika,plac Teatralny,FALSE,TRUE,obsidian://open?vault=Wszystko&file=1995_PL,400,,,4500,,80,100
1996,11,demonstracja:4;festyn:1;kontra:1;upamiętnienie:4;wiec:1,4,4,1,TRUE,3,0,0,FALSE,2,1,1,1,0,0,0,3,0,0,5100,5100,,,4500,0.882,8,Liga Republikańska;Prezydent,NZS;Prawica;SLD_OPZZ;UP;UPR,1996_PL_festyn_Prezydent;1996_PL_kontra_Liga-Republikanska;1996_PL_wiec_PPS-Pomnik-Kopernika,1995_PL_festyn_UP;1995_PL_kontra_NZS;1995_PL_kontra_Prawica;1995_PL_kontra_UPR;1995_PL_upamiętnienie_SLD-OPZZ-Brama-Stracen,plac Grzybowski,TRUE,TRUE,obsidian://open?vault=Wszystko&file=1996_PL,500,,,4500,,100,
1997,13,demonstracja:2;festyn:2;kontra:3;upamiętnienie:6,2,6,2,TRUE,2,0,0,FALSE,1,3,3,0,0,0,0,3,0,0,2650,2650,,,2500,0.943,8,Prawica;SLD;UP,Anarchiści;OPZZ_SdRP;Solidarność,1997_PL_festyn_UP;1997_PL_kontra_Prawica;1997_PL_upamiętnienie_SLD-Brama-Stracen,1996_PL_demonstracja_Anarchisci;1996_PL_demonstracja_Solidarnosc;1996_PL_upamiętnienie_OPZZ-SdRP-Brama-Stracen;1996_PL_wiec_PPS-Pomnik-Kopernika,plac Grzybowski,FALSE,FALSE,obsidian://open?vault=Wszystko&file=1997_PL,,,,2500,,150,
1998,10,demonstracja:3;festyn:1;happening:1;kontra:1;upamiętnienie:4,3,4,1,TRUE,2,0,0,,2,1,1,0,1,0,0,3,0,0,4150,4150,,,4000,0.964,8,Młodzi demokraci;SLD_OPZZ;Solidarność,Liga Republikańska;SLD;UP,1998_PL_demonstracja_Solidarnosc;1998_PL_happening_M-odzi-demokraci-Niebieska-Alternatywa-Kapitalizm-jest-li;1998_PL_upamiętnienie_SLD-OPZZ-Brama-Stracen,1997_PL_festyn_UP;1997_PL_kontra_Liga-Republikanska-point;1997_PL_upamiętnienie_SLD-Brama-Stracen,plac Grzybowski,FALSE,,obsidian://open?vault=Wszystko&file=1998_PL,,,,4000,,150,
1999,9,demonstracja:2;festyn:1;kontra:2;upamiętnienie:4,2,4,1,TRUE,2,0,0,FALSE,1,2,2,0,0,0,0,2,0,0,9350,9350,,,9200,0.984,7,Liga Republikańska,Młodzi demokraci;Solidarność,1999_PL_kontra_Liga-Republikanska,1998_PL_demonstracja_Solidarnosc;1998_PL_happening_M-odzi-demokraci-Niebieska-Alternatywa-Kapitalizm-jest-li,plac Grzybowski,FALSE,,obsidian://open?vault=Wszystko&file=1999_PL,,,,9200,,150,
2000,10,demonstracja:2;festyn:1;happening:1;kontra:1;upamiętnienie:4;wiec:1,2,4,1,TRUE,2,0,0,FALSE,1,2,2,1,1,0,0,2,0,0,2450,2400,,50,2250,0.918,7,,,2000_PL_happening_Liga-Republikanska;2000_PL_wiec_PPS-Pomnik-Kopernika,1999_PL_kontra_Liga-Republikanska,plac Grzybowski,FALSE,TRUE,obsidian://open?vault=Wszystko&file=2000_PL,,,,2250,,150,50
2001,9,demonstracja:4;festyn:1;kontra:1;upamiętnienie:3,4,3,1,TRUE,4,0,0,FALSE,1,1,1,0,0,0,0,1,0,0,8150,8150,,,7500,0.92,7,Anarchiści;Parada Równości,Liga Republikańska;SLD_OPZZ,2001_PL_demonstracja_Anarchisci;2001_PL_demonstracja_Parada-Rownosci,2000_PL_happening_Liga-Republikanska;2000_PL_upamiętnienie_SLD-OPZZ-Brama-Stracen;2000_PL_wiec_PPS-Pomnik-Kopernika,plac Grzybowski,FALSE,FALSE,obsidian://open?vault=Wszystko&file=2001_PL,300,,,7500,200,150,
2002,8,demonstracja:3;festyn:1;kontra:2;upamiętnienie:2,3,2,1,TRUE,3,0,0,FALSE,1,2,2,0,0,0,0,1,0,0,3800,3800,,,2100,0.553,7,"KPN;Koliber, Młodzież Wszechpolska, Organizacja Młodej Polski",Anarchiści;Prawica,2002_PL_kontra_KPN;2002_PL_kontra_Koliber-M-odziez-Wszechpolska-Organizacja-M-odej-Polski,2001_PL_demonstracja_Anarchisci;2001_PL_kontra_Prawica,Sejm RP,TRUE,TRUE,obsidian://open?vault=Wszystko&file=2002_PL,,,200,2100,1500,,
2003,9,demonstracja:5;festyn:1;kontra:1;upamiętnienie:2,5,2,1,TRUE,5,0,0,FALSE,1,1,1,0,0,0,0,1,0,0,7633,7633,,,3333,0.437,9,Anarchiści;Inicjatywa Stop Wojnie;Nowa Lewica + Inicjatywa Stop Wojnie;Prawica,"KPN;Koliber, Młodzież Wszechpolska, Organizacja Młodej Polski",2003_PL_demonstracja_Anarchisci;2003_PL_demonstracja_Inicjatywa-Stop-Wojnie;2003_PL_demonstracja_Nowa-Lewica-Inicjatywa-Stop-Wojnie;2003_PL_kontra_Prawica,2002_PL_demonstracja_PPS;2002_PL_kontra_KPN;2002_PL_kontra_Koliber-M-odziez-Wszechpolska-Organizacja-M-odej-Polski,Sejm RP,FALSE,TRUE,obsidian://open?vault=Wszystko&file=2003_PL,300,,500,3333,3500,,
2004,6,demonstracja:3;festyn:1;upamiętnienie:2,3,2,1,FALSE,3,0,0,FALSE,1,1,0,0,0,0,0,1,0,0,2867,867,,2000,667,0.233,6,LPR;Nowa Lewica,Anarchiści;Inicjatywa Stop Wojnie;Nowa Lewica + Inicjatywa Stop Wojnie;Parada Równości;Prawica,2004_PL_demonstracja_LPR;2004_PL_demonstracja_Nowa-Lewica,2003_PL_demonstracja_Anarchisci;2003_PL_demonstracja_Inicjatywa-Stop-Wojnie;2003_PL_demonstracja_Nowa-Lewica-Inicjatywa-Stop-Wojnie;2003_PL_demonstracja_Parada-Rownosci;2003_PL_kontra_Prawica,Sejm RP,FALSE,TRUE,obsidian://open?vault=Wszystko&file=2004_PL,,,200,667,,,2000
2005,7,demonstracja:2;festyn:2;upamiętnienie:3,2,3,2,FALSE,2,0,0,FALSE,1,0,0,0,0,0,0,1,0,0,933,933,,,633,0.678,6,Lewica_radykalna,LPR,2005_PL_festyn_Lewica-radykalna,2004_PL_demonstracja_LPR,Sejm RP,FALSE,TRUE,obsidian://open?vault=Wszystko&file=2005_PL,,,300,633,,,
2006,5,demonstracja:2;upamiętnienie:3,2,3,0,FALSE,2,0,0,FALSE,1,0,0,0,0,0,0,1,0,0,2000,2000,,,1750,0.875,4,SLD_OPZZ,Lewica_radykalna;PPS;Prezydent,2006_PL_upamiętnienie_Nowa-Lewica-Kamien-Pamiatkowy-na-Placu-Grzybowskim;2006_PL_upamiętnienie_SLD-OPZZ-Kamien-Pamiatkowy-na-Placu-Grzybowskim,2005_PL_festyn_Lewica-radykalna;2005_PL_festyn_Prezydent;2005_PL_upamiętnienie_PPS-Kamien-Pamiatkowy-na-Placu-Grzybowskim,Sejm RP,FALSE,TRUE,obsidian://open?vault=Wszystko&file=2006_PL,,,250,1750,,,
2007,10,demonstracja:4;festyn:1;happening:1;kontra:1;upamiętnienie:3,4,3,1,TRUE,3,0,0,FALSE,2,2,2,0,1,0,0,2,0,0,1780,1780,,,1400,0.787,9,Anarchiści;Forum Liberalne;LPR;Lewica radykalna;PPS;Solidarność,SLD_OPZZ,2007_PL_demonstracja_Anarchisci;2007_PL_demonstracja_Solidarnosc;2007_PL_happening_Forum-Liberalne;2007_PL_kontra_LPR;2007_PL_upamiętnienie_Lewica-radykalna-Kamien-Pamiatkowy-na-Placu-Grzybowskim;2007_PL_upamiętnienie_PPS-Kamien-Pamiatkowy-na-Placu-Grzybowskim,2006_PL_upamiętnienie_Nowa-Lewica-Kamien-Pamiatkowy-na-Placu-Grzybowskim;2006_PL_upamiętnienie_SLD-OPZZ-Kamien-Pamiatkowy-na-Placu-Grzybowskim,Sejm RP,FALSE,TRUE,obsidian://open?vault=Wszystko&file=2007_PL,80,,300,1400,,,
2008,8,demonstracja:3;festyn:1;upamiętnienie:3;wiec:1,3,3,1,FALSE,3,0,0,FALSE,1,0,0,1,0,0,0,2,0,0,2567,2567,,,2167,0.844,6,Lewica_radykalna,Forum Liberalne;LPR;Lewica radykalna;Solidarność,2008_PL_wiec_Lewica-radykalna,2007_PL_demonstracja_Solidarnosc;2007_PL_happening_Forum-Liberalne;2007_PL_kontra_LPR;2007_PL_upamiętnienie_Lewica-radykalna-Kamien-Pamiatkowy-na-Placu-Grzybowskim,Sejm RP,FALSE,TRUE,obsidian://open?vault=Wszystko&file=2008_PL,200,,200,2167,,,
2009,9,demonstracja:3;kontra:2;upamiętnienie:3;wiec:1,3,3,0,TRUE,3,0,0,FALSE,1,2,2,1,0,0,0,4,0,0,1703,1697,,6,1357,0.797,8,Falanga;ONR,,2009_PL_kontra_Falanga;2009_PL_kontra_ONR,,Sejm RP,FALSE,TRUE,obsidian://open?vault=Wszystko&file=2009_PL,40,,300,1357,,,6
2010,4,demonstracja:2;upamiętnienie:2,2,2,0,FALSE,2,0,0,FALSE,1,0,0,0,0,0,0,1,0,0,590,590,,,440,0.746,4,,Anarchiści;Falanga;Lewica_radykalna;ONR,,2009_PL_demonstracja_Anarchisci;2009_PL_kontra_Falanga;2009_PL_kontra_ONR;2009_PL_wiec_Lewica-radykalna,Sejm RP,FALSE,FALSE,obsidian://open?vault=Wszystko&file=2010_PL,,,150,440,,,
2011,7,demonstracja:1;upamiętnienie:4;wiec:2,1,4,0,FALSE,1,0,0,FALSE,1,0,0,2,0,0,0,1,0,0,283,283,,,133,0.47,5,KSS Ikonowicza;Marsz Pustych Garnkow,Nowa Lewica,2011_PL_demonstracja_KSS-Ikonowicza;2011_PL_upamiętnienie_Marsz-Pustych-Garnkow-Wreath-laying-at-the-historic-PPS-headqu;2011_PL_wiec_OPZZ,2010_PL_demonstracja_Nowa-Lewica;2010_PL_demonstracja_OPZZ,Wiec pod OPZZ,TRUE,TRUE,obsidian://open?vault=Wszystko&file=2011_PL,,,150,133,,,
2012,7,demonstracja:4;spotkanie:1;upamiętnienie:2,4,2,0,FALSE,4,0,0,FALSE,1,1,0,0,0,1,0,2,0,0,12400,11900,,500,11750,0.948,7,Anarchiści;Autonomiczni nacjonaliści;Ruch Palikota,Marsz Pustych Garnkow,2012_PL_demonstracja_Anarchisci;2012_PL_demonstracja_Autonomiczni-nacjonalisci;2012_PL_demonstracja_OPZZ;2012_PL_spotkanie_Ruch-Palikota-Kongres-za-ozycielski-partii-Palikota-Ko,2011_PL_upamiętnienie_Marsz-Pustych-Garnkow-Wreath-laying-at-the-historic-PPS-headqu;2011_PL_wiec_OPZZ,Park Rydza-Śmigłego,TRUE,TRUE,obsidian://open?vault=Wszystko&file=2012_PL,150,,,11750,,,500
2013,7,demonstracja:3;festyn:1;upamiętnienie:3,3,3,1,FALSE,3,0,0,FALSE,1,1,0,0,0,0,0,3,0,0,20700,20200,,500,20000,0.966,6,Prezydent,Anarchiści;Ruch Palikota,2013_PL_festyn_Prezydent,2012_PL_demonstracja_Anarchisci;2012_PL_spotkanie_Ruch-Palikota-Kongres-za-ozycielski-partii-Palikota-Ko,Park Rydza-Śmigłego,FALSE,FALSE,obsidian://open?vault=Wszystko&file=2013_PL,,,200,20000,,,500
2014,9,demonstracja:3;festyn:1;happening:2;upamiętnienie:3,3,3,1,FALSE,3,0,0,FALSE,1,2,0,0,2,0,0,3,0,0,8183,7733,,450,7333,0.896,8,RSS Ikonowicza;Ruch Narodowy;Zieloni,KSS Ikonowicza,2014_PL_demonstracja_RSS-Ikonowicza;2014_PL_happening_Ruch-Narodowy;2014_PL_happening_Zieloni-Partia-Zieloni-happening,2013_PL_demonstracja_KSS-Ikonowicza,Park Rydza-Śmigłego,FALSE,FALSE,obsidian://open?vault=Wszystko&file=2014_PL,,,400,7333,,,450
2015,6,demonstracja:3;festyn:1;upamiętnienie:2,3,2,1,FALSE,3,0,0,FALSE,0,1,0,0,0,0,0,2,0,0,30700,30450,,250,,0.0,6,Szturmowcy;Zmiana,Autonomiczni nacjonaliści;OPZZ;Ruch Narodowy;Zieloni,2015_PL_demonstracja_Szturmowcy;2015_PL_demonstracja_Zmiana,2014_PL_demonstracja_Autonomiczni-nacjonalisci;2014_PL_demonstracja_OPZZ;2014_PL_happening_Ruch-Narodowy;2014_PL_happening_Zieloni-Partia-Zieloni-happening,,,TRUE,obsidian://open?vault=Wszystko&file=2015_PL,,30000,450,,,,250
2016,6,demonstracja:3;festyn:1;upamiętnienie:2,3,2,1,FALSE,3,0,0,FALSE,1,1,0,0,0,0,0,2,0,0,4217,4067,,150,3667,0.87,6,Muzeum Łazienki Królewskie;OPZZ;RSS / KPP / Partia Socjaliści / WSL,Prezydent;RSS Ikonowicza;Zmiana,2016_PL_demonstracja_OPZZ;2016_PL_demonstracja_RSS-KPP-Partia-Socjalisci-WSL;2016_PL_festyn_Muzeum-azienki-Krolewskie,2015_PL_demonstracja_RSS-Ikonowicza;2015_PL_demonstracja_Zmiana;2015_PL_festyn_Prezydent,Sejm RP,,TRUE,obsidian://open?vault=Wszystko&file=2016_PL,,,400,3667,,,150
2017,7,demonstracja:2;festyn:2;upamiętnienie:3,2,3,2,FALSE,2,0,0,FALSE,1,0,0,0,0,0,0,2,0,0,1050,1050,,,650,0.619,5,,Szturmowcy,2017_PL_festyn_OPZZ,2016_PL_demonstracja_Szturmowcy,Krakowskie Przedmieście,TRUE,TRUE,obsidian://open?vault=Wszystko&file=2017_PL,,,400,650,,,
2018,9,demonstracja:3;festyn:2;kontra:1;upamiętnienie:2;wiec:1,3,2,2,TRUE,3,0,0,FALSE,1,2,1,1,0,0,0,2,0,0,1225,1175,,50,775,0.633,8,Feministki;Obywatele RP;Szturmowcy,,2018_PL_demonstracja_Szturmowcy;2018_PL_kontra_Obywatele-RP;2018_PL_wiec_Feministki,,Krakowskie Przedmieście,FALSE,FALSE,obsidian://open?vault=Wszystko&file=2018_PL,,,400,775,,,50
2019,13,demonstracja:3;festyn:4;upamiętnienie:6,3,6,4,FALSE,2,0,0,FALSE,0,2,0,0,0,0,0,2,0,0,3350,350,,3000,,0.0,11,KORWiN;Lewica radykalna;Lewica_radykalna;Miasto;PPS_OPZZ_SLD;Razem;SLD;SLD/OPZZ;UP_OPZZ,Feministki;OPZZ;Obywatele RP;RSS / KPP / Partia Socjaliści / WSL;Szturmowcy;Unia Pracy,2019_PL_demonstracja_KORWiN;2019_PL_demonstracja_Lewica-radykalna;2019_PL_festyn_Miasto-nowe-miasto;2019_PL_festyn_SLD-OPZZ;2019_PL_upamiętnienie_Lewica-radykalna-Kamien-Pamiatkowy-na-Placu-Grzybowskim;2019_PL_upamiętnienie_PPS-OPZZ-SLD-Kamien-Pamiatkowy-na-Placu-Grzybowskim;2019_PL_upamiętnienie_Razem-Kamien-Pamiatkowy-na-Placu-Grzybowskim;2019_PL_upamiętnienie_SLD-Pomnik-Ignacego-Daszynskiego-w-Warszawie;2019_PL_upamiętnienie_UP-OPZZ-Brama-Stracen,2018_PL_demonstracja_OPZZ;2018_PL_demonstracja_RSS-KPP-Partia-Socjalisci-WSL;2018_PL_demonstracja_Szturmowcy;2018_PL_festyn_OPZZ;2018_PL_kontra_Obywatele-RP;2018_PL_upamiętnienie_Unia-Pracy-Brama-Stracen;2018_PL_wiec_Feministki,,,TRUE,obsidian://open?vault=Wszystko&file=2019_PL,,,350,,,,3000
