rok,liczba_wydarzen,typy,liczba_demonstracji,liczba_upamietnien,liczba_festynow,czy_kontra,demonstracje_piesze,korso,liczba_rewolucyjnych,marsz_gwiazdzisty,liczba_zwiazkowych,liczba_prawicowych,liczba_kontra,liczba_wiecow,liczba_happeningow,liczba_spotkan,liczba_koncertow,liczba_poza_centrum,liczba_dzielnicowych,serie_dzielnicowe_czynne,dzielnicowe_kronika,frekwencja_suma,frekwencja_maj1,frekwencja_walpurgis,frekwencja_npd_kontra,frekwencja_zwiazkowa,udzial_zwiazkowy,liczba_aktorow,aktorzy_nowi,aktorzy_znikajacy,wydarzenia_nowe,wydarzenia_znikajace,miejsce_wiecu,miejsce_wiecu_zmienione,trasa_glowna_zmieniona,notatka,frekwencja_antinazi,frekwencja_dgb,frekwencja_euro,frekwencja_marian,frekwencja_myfest,frekwencja_nazi,frekwencja_pds_a,frekwencja_pds_u,frekwencja_revo13,frekwencja_revo18,frekwencja_revo_j,frekwencja_repo,policja_sily,ranni_policjanci,zatrzymania_1maja,zatrzymania_walpurgis,zatrzymania_kontra
1987,1,demonstracja:1,1,0,0,FALSE,0,0,1,,0,0,0,0,0,0,0,1,0,0,0,,,,,,,1,,,,,,,,obsidian://open?vault=Wszystko&file=1987_DE,,,,,,,,,,,,,400,245,56,0,0
1989,0,,0,0,0,FALSE,0,0,0,,0,0,0,0,0,0,0,0,0,0,0,,,,,,,0,,,,,,,,obsidian://open?vault=Wszystko&file=1989_DE,,,,,,,,,,,,,1600,346,20,0,0
1990,13,demonstracja:7;festyn:4;wiec:2,7,0,4,FALSE,7,0,2,FALSE,7,0,0,2,0,0,0,7,0,1,0,84667,84667,,,72167,0.852,6,,,,,Platz der Republik,,,obsidian://open?vault=Wszystko&file=1990_DE,,56667,,,,,,15500,,,12500,12500,6000,230,140,0,0
1991,18,demonstracja:6;festyn:10;spotkanie:1;wiec:1,6,0,10,FALSE,6,0,1,FALSE,6,0,0,1,0,1,0,14,9,4,2,22667,22667,,,10000,0.441,6,nieustalony,East_Autonomen,1991_DE_festyn_nieustalony-maifeier-auf-der-schonborse;1991_DE_spotkanie_nieustalony,1990_DE_demonstracja_East-Autonomen;1990_DE_festyn_R1M;1990_DE_festyn_Walpurgisnacht-Walpurgisnacht,Platz der Republik,FALSE,,obsidian://open?vault=Wszystko&file=1991_DE,,10000,,,,,,,,,12667,12667,4500,87,181,0,0
1992,24,demonstracja:10;festyn:14,10,0,14,FALSE,8,0,1,FALSE,5,1,1,0,0,0,0,21,12,5,2,42750,42500,,250,29000,0.678,9,BKG;East_Autonomen;FAP;LSBT Gruppen,nieustalony,1992_DE_demonstracja_BKG;1992_DE_demonstracja_East-Autonomen;1992_DE_demonstracja_FAP;1992_DE_demonstracja_PDS;1992_DE_festyn_LSBT-Gruppen-LSBT-Fest,1991_DE_festyn_nieustalony-maifeier-auf-der-schonborse;1991_DE_spotkanie_nieustalony;1991_DE_wiec_DGB,Lustgarten,TRUE,,obsidian://open?vault=Wszystko&file=1992_DE,200,23000,,,,50,,6000,,,13500,13500,5000,127,294,0,0
1993,20,demonstracja:9;festyn:8;kontra:1;spotkanie:1;wiec:1,9,0,8,TRUE,6,0,2,FALSE,5,2,2,1,0,1,0,15,7,6,1,30517,30417,,100,22667,0.743,9,AWO;Antinazi Berlin;DAG,BKG;FAP;LSBT Gruppen,1993_DE_festyn_AWO;1993_DE_kontra_Antinazi-Berlin;1993_DE_spotkanie_PDS;1993_DE_wiec_DAG,1992_DE_demonstracja_BKG;1992_DE_demonstracja_FAP;1992_DE_festyn_LSBT-Gruppen-LSBT-Fest,Lustgarten,FALSE,,obsidian://open?vault=Wszystko&file=1993_DE,,16667,,,,100,,6000,,,7750,7750,4000,19,169,0,0
1994,26,demonstracja:10;festyn:12;kontra:1;wiec:3,10,0,12,TRUE,9,0,3,FALSE,6,2,2,3,0,0,0,20,8,8,0,8355,7900,,455,7000,0.838,11,Aktionsbündnis für Soziale Verantwortung;Demokraten für Deutschland;FAP;SPD,AWO;East_Autonomen,1994_DE_demonstracja_Demokraten-fur-Deutschland-Demokraten-fur-Deutschland-Vollendung-de;1994_DE_demonstracja_FAP;1994_DE_festyn_Aktionsbundnis-fur-Soziale-Verantwortung;1994_DE_festyn_R1M;1994_DE_festyn_SPD-spandau;1994_DE_wiec_PDS,1993_DE_demonstracja_East-Autonomen;1993_DE_festyn_AWO;1993_DE_spotkanie_PDS,Lustgarten,FALSE,,obsidian://open?vault=Wszystko&file=1994_DE,450,6000,,,,5,,1000,,,900,900,4000,34,139,0,0
1995,20,demonstracja:4;festyn:13;korso:1;wiec:2,4,0,13,FALSE,3,1,1,FALSE,5,0,0,2,0,0,0,15,10,8,2,9650,9650,,,7400,0.767,7,Antifa,Aktionsbündnis für Soziale Verantwortung;Antinazi Berlin;Demokraten für Deutschland;FAP;IG Metall,1995_DE_festyn_Antifa;1995_DE_korso_DGB;1995_DE_wiec_DGB,1994_DE_demonstracja_Demokraten-fur-Deutschland-Demokraten-fur-Deutschland-Vollendung-de;1994_DE_demonstracja_FAP;1994_DE_demonstracja_IG-Metall;1994_DE_demonstracja_PDS;1994_DE_festyn_Aktionsbundnis-fur-Soziale-Verantwortung;1994_DE_festyn_R1M;1994_DE_kontra_Antinazi-Berlin;1994_DE_wiec_PDS,Köllnischer Park,TRUE,,obsidian://open?vault=Wszystko&file=1995_DE,,7400,,,,,,,,,2250,2250,,100,26,133,0
1996,20,demonstracja:11;festyn:7;wiec:2,11,0,7,FALSE,8,0,4,TRUE,6,1,1,2,0,0,0,10,4,7,0,32257,31867,,390,16667,0.517,10,DGB Jugend;Graue Panther;IG Metall;NPD;ÖTV,Antifa;SPD,1996_DE_demonstracja_DGB-Jugend;1996_DE_demonstracja_Graue-Panther-Graue-Panther;1996_DE_demonstracja_IG-Metall;1996_DE_demonstracja_NPD;1996_DE_demonstracja_OTV;1996_DE_festyn_Walpurgisnacht-Walpurgisnacht-at-Kollwitzplatz;1996_DE_wiec_PDS,1995_DE_festyn_Antifa;1995_DE_festyn_SPD;1995_DE_korso_DGB;1995_DE_wiec_DGB,Rotes Rathaus,TRUE,,obsidian://open?vault=Wszystko&file=1996_DE,40,16667,,,,350,2200,,3000,10000,,13000,4500,48,176,25,0
1997,17,demonstracja:6;festyn:9;wiec:2,6,0,9,FALSE,6,0,2,FALSE,5,0,0,2,0,0,0,11,6,8,4,27833,27833,,,9500,0.341,8,Obdachlose Initativen,DGB Jugend;Graue Panther;NPD,1997_DE_festyn_DAG;1997_DE_wiec_Obdachlose-Initativen-Obdachlose-Iniativen-Treffe,1996_DE_demonstracja_DGB-Jugend;1996_DE_demonstracja_Graue-Panther-Graue-Panther;1996_DE_demonstracja_NPD;1996_DE_festyn_Walpurgisnacht-Walpurgisnacht-at-Kollwitzplatz;1996_DE_wiec_DAG,Rotes Rathaus,FALSE,,obsidian://open?vault=Wszystko&file=1997_DE,,9500,,,,,7333,,2000,9000,,11000,5000,7,266,59,0
1998,13,demonstracja:9;festyn:3;wiec:1,9,0,3,FALSE,6,0,4,FALSE,4,0,0,1,0,0,0,7,1,8,4,30292,30292,,,13875,0.458,7,Volkssolidarität,DAG;Obdachlose Initativen,1998_DE_festyn_Volkssolidaritat,1997_DE_festyn_DAG;1997_DE_wiec_Obdachlose-Initativen-Obdachlose-Iniativen-Treffe,Rotes Rathaus,FALSE,,obsidian://open?vault=Wszystko&file=1998_DE,,13875,,1500,,,6500,,1750,6667,,8417,5000,145,379,28,0
1999,14,demonstracja:9;festyn:3;wiec:2,9,0,3,FALSE,7,0,4,TRUE,4,0,0,2,0,0,0,9,0,7,2,35900,35900,,,10400,0.29,6,,Volkssolidarität,1999_DE_festyn_Walpurgisnacht-Walpurginsnacht;1999_DE_wiec_Walpurgisnacht-Helmholtzplatz-Walpurgisnacht-Kundgebung,1998_DE_festyn_Volkssolidaritat,Rotes Rathaus,FALSE,,obsidian://open?vault=Wszystko&file=1999_DE,,10400,,,,,10000,,1500,14000,,15500,5000,139,127,6,0
2000,25,demonstracja:9;festyn:13;korso:1;upamiętnienie:1;wiec:1,9,1,13,FALSE,7,1,3,FALSE,6,3,3,1,0,0,0,19,9,7,1,45667,34667,,11000,11167,0.245,9,BVV Marzahn;NPD;PDS_Antinazi,,2000_DE_demonstracja_NPD-linestring;2000_DE_festyn_BVV-Marzahn;2000_DE_festyn_PDS-Antinazi;2000_DE_korso_DGB,1999_DE_festyn_Walpurgisnacht-Walpurginsnacht;1999_DE_wiec_Walpurgisnacht-Helmholtzplatz-Walpurgisnacht-Kundgebung,Rotes Rathaus,FALSE,,obsidian://open?vault=Wszystko&file=2000_DE,10000,11167,,5000,,1000,3667,,1500,13333,,14833,6765,283,144,57,200
2001,19,demonstracja:12;festyn:5;wiec:2,12,0,5,FALSE,8,0,6,TRUE,5,1,1,2,0,0,0,12,0,5,1,37408,36833,,575,16833,0.45,7,,BVV Marzahn;PDS_Antinazi,2001_DE_festyn_Walpurgisnacht-Walpurgisnacht-Spontane-Street-Party;2001_DE_wiec_Walpurgisnacht-Antikapitalistische-Walpurgisnacht,2000_DE_festyn_BVV-Marzahn;2000_DE_festyn_PDS-Antinazi;2000_DE_korso_DGB,Rotes Rathaus,FALSE,,obsidian://open?vault=Wszystko&file=2001_DE,475,16833,,5000,,100,7250,,2250,5500,,7750,9000,166,616,40,0
2002,14,demonstracja:5;festyn:3;happening:1;kontra:3;wiec:2,5,0,3,TRUE,5,0,3,FALSE,3,4,4,2,1,0,0,8,0,5,0,30950,29250,,1700,13500,0.436,7,Antinazi Berlin;KPD/RZ,IG Metall;ÖTV,2002_DE_happening_KPD-RZ-KPD-RZ;2002_DE_kontra_Antinazi-Berlin,2001_DE_demonstracja_IG-Metall;2001_DE_demonstracja_OTV;2001_DE_demonstracja_Walpurgisnacht-Walpurgisnacht-Frauendemo-Wir-erobern-un;2001_DE_festyn_Walpurgisnacht-Walpurgisnacht-Spontane-Street-Party,Rotes Rathaus,FALSE,,obsidian://open?vault=Wszystko&file=2002_DE,1000,13500,,,,700,2250,,4000,9500,,13500,5000,101,183,34,0
2003,13,demonstracja:4;festyn:5;kontra:2;korso:1;wiec:1,4,0,5,TRUE,4,1,2,FALSE,4,2,2,1,0,0,0,7,2,5,3,45675,43750,,1925,13500,0.296,7,MyFest,KPD/RZ,2003_DE_festyn_MyFest-MyFest;2003_DE_kontra_PDS;2003_DE_korso_DGB,2002_DE_happening_KPD-RZ-KPD-RZ;2002_DE_wiec_PDS,Rotes Rathaus,FALSE,,obsidian://open?vault=Wszystko&file=2003_DE,250,13500,,,20000,1675,,,6750,3500,,10250,7500,178,185,51,0
2004,12,demonstracja:7;festyn:3;kontra:1;wiec:1,7,0,3,TRUE,7,0,3,FALSE,3,2,2,1,0,0,0,6,1,4,7,62700,57000,,5700,18500,0.295,7,,,2004_DE_demonstracja_Walpurgisnacht-Kommunismus-statt-Europa,2003_DE_kontra_PDS;2003_DE_korso_DGB,Rotes Rathaus,FALSE,,obsidian://open?vault=Wszystko&file=2004_DE,3400,18500,,,30000,2300,,,5000,3500,,8500,8000,187,162,114,72
2005,18,demonstracja:7;festyn:7;korso:2;wiec:2,7,0,7,FALSE,7,2,3,FALSE,5,0,0,2,0,0,0,12,5,5,5,26000,26000,,,10500,0.404,6,FAU,Antinazi Berlin;NPD,2005_DE_demonstracja_FAU-FAU-Du-Hast-eine-Wurde-Verteidige-Sie;2005_DE_korso_DGB-mitte,2004_DE_demonstracja_NPD;2004_DE_kontra_Antinazi-Berlin,Rotes Rathaus,FALSE,,obsidian://open?vault=Wszystko&file=2005_DE,,10500,,,15000,,,,500,0,,500,6150,32,123,70,0
2006,15,demonstracja:6;festyn:4;korso:4;wiec:1,6,0,4,FALSE,5,4,3,FALSE,6,0,0,1,0,0,0,12,2,6,0,28550,28550,,,13500,0.473,7,EuroMayDay;Jungen Liberalen;Linkspartei,FAU;PDS,2006_DE_demonstracja_EuroMayDay;2006_DE_demonstracja_Jungen-Liberalen-Jungen-Liberalen-Protest;2006_DE_festyn_Linkspartei-hohenschonhausen,2005_DE_demonstracja_FAU-FAU-Du-Hast-eine-Wurde-Verteidige-Sie;2005_DE_demonstracja_Walpurgisnacht-Berlin-protestiert-friedlich-Fur-friedli;2005_DE_festyn_PDS-hohenschonhausen,Brandenburger Tor,TRUE,,obsidian://open?vault=Wszystko&file=2006_DE,,13500,4000,,11000,,,,50,0,,50,5101,66,107,72,0
2007,16,demonstracja:5;festyn:6;korso:4;wiec:1,5,0,6,FALSE,5,4,2,FALSE,6,0,0,1,0,0,0,13,4,6,0,42067,42067,,,10500,0.25,6,Die Linke,Jungen Liberalen;Linkspartei,2007_DE_demonstracja_Walpurgisnacht-Walpurgisnacht-Demo;2007_DE_festyn_Die-Linke-prenzlauer-berg,2006_DE_demonstracja_Jungen-Liberalen-Jungen-Liberalen-Protest;2006_DE_festyn_Linkspartei-hohenschonhausen,Brandenburger Tor,FALSE,,obsidian://open?vault=Wszystko&file=2007_DE,,10500,7000,,16000,,,,900,7667,,8567,4724,90,115,119,0
2008,11,demonstracja:4;festyn:4;korso:2;wiec:1,4,0,4,FALSE,4,2,2,FALSE,4,0,0,1,0,0,0,8,2,6,16,46925,46925,,,9125,0.194,6,,,,2007_DE_demonstracja_Walpurgisnacht-Walpurgisnacht-Demo,Brandenburger Tor,FALSE,,obsidian://open?vault=Wszystko&file=2008_DE,,9125,6500,,20000,,,,300,11000,,11300,4572,112,139,24,0
2009,15,demonstracja:4;festyn:6;kontra:1;korso:3;wiec:1,4,0,6,TRUE,4,3,2,FALSE,5,2,2,1,0,0,0,11,3,6,2,64500,60800,,3700,13500,0.209,8,Antinazi Berlin_SPD;NPD,,2009_DE_festyn_NPD;2009_DE_kontra_Antinazi-Berlin-SPD,,Brandenburger Tor,FALSE,,obsidian://open?vault=Wszystko&file=2009_DE,3500,13500,3500,,35000,200,,,300,8500,,8800,5761,479,289,57,0
2010,19,demonstracja:7;festyn:7;kontra:2;korso:2;wiec:1,7,0,7,TRUE,5,2,2,FALSE,4,6,6,1,0,0,0,15,5,6,0,62000,51300,,10700,9750,0.157,7,Antinazi Berlin,Antinazi Berlin_SPD;EuroMayDay,2010_DE_demonstracja_Antinazi-Berlin;2010_DE_demonstracja_NPD-gesundbrunnen;2010_DE_kontra_Antinazi-Berlin-niederschoneweide,2009_DE_demonstracja_EuroMayDay;2009_DE_festyn_NPD;2009_DE_kontra_Antinazi-Berlin-SPD,Brandenburger Tor,FALSE,,obsidian://open?vault=Wszystko&file=2010_DE,10000,9750,,,29000,700,,,50,12500,,12550,7400,98,161,37,289
2011,14,demonstracja:5;festyn:6;korso:3,5,0,6,FALSE,5,3,2,FALSE,5,0,0,0,0,0,0,9,3,6,0,49833,49833,,,11500,0.231,6,FAU,Antinazi Berlin;NPD,2011_DE_demonstracja_FAU-FAU-Spaziergang-gegen-Leiharbeit;2011_DE_demonstracja_Walpurgisnacht-Walpurgisnacht-Wir-Bleiben-Alle;2011_DE_festyn_Walpurgisnacht-Antikapitalistische-Walpurgisnacht-Fest-,2010_DE_demonstracja_Antinazi-Berlin;2010_DE_demonstracja_NPD-gesundbrunnen;2010_DE_kontra_Antinazi-Berlin-niederschoneweide;2010_DE_wiec_Walpurgisnacht-Antikapitalistische-Walpurgisnacht,Brandenburger Tor,FALSE,,obsidian://open?vault=Wszystko&file=2011_DE,,11500,,,27000,,,,,11333,,11333,7400,75,103,58,0
2012,15,demonstracja:4;festyn:8;kontra:1;korso:2,4,0,8,TRUE,4,2,2,FALSE,4,0,0,0,0,0,0,9,7,6,0,60625,60625,,,12625,0.208,5,,FAU,2012_DE_kontra_Die-Linke,2011_DE_demonstracja_FAU-FAU-Spaziergang-gegen-Leiharbeit;2011_DE_festyn_Walpurgisnacht-Antikapitalistische-Walpurgisnacht-Fest-,Brandenburger Tor,FALSE,,obsidian://open?vault=Wszystko&file=2012_DE,,12625,,,29500,,,,,18500,,18500,7000,124,119,4,0
2013,14,demonstracja:5;festyn:5;kontra:1;korso:2;wiec:1,5,0,5,TRUE,5,2,2,FALSE,4,3,3,1,0,0,0,8,3,6,0,63717,61417,,2300,9750,0.153,7,Antinazi Berlin;NPD,,2013_DE_demonstracja_NPD;2013_DE_kontra_Antinazi-Berlin;2013_DE_wiec_NPD,2012_DE_kontra_Die-Linke,Brandenburger Tor,FALSE,,obsidian://open?vault=Wszystko&file=2013_DE,2000,9750,,,40000,300,,,,11667,,11667,7000,54,74,20,0
2014,11,demonstracja:4;festyn:5;korso:2,4,0,5,FALSE,4,2,2,FALSE,4,0,0,0,0,0,0,4,2,6,0,70667,70667,,,8667,0.123,5,,Antinazi Berlin;NPD,,2013_DE_demonstracja_NPD;2013_DE_kontra_Antinazi-Berlin;2013_DE_wiec_NPD,Brandenburger Tor,FALSE,,obsidian://open?vault=Wszystko&file=2014_DE,,8667,,,40000,,,,,22000,,22000,6400,59,53,15,0
2015,17,demonstracja:4;festyn:7;kontra:1;korso:2;wiec:3,4,0,7,TRUE,4,2,2,FALSE,4,3,3,3,0,0,0,10,4,6,0,86050,85500,,550,15000,0.174,7,Antinazi Berlin;NPD,,2015_DE_kontra_Antinazi-Berlin;2015_DE_wiec_NPD-marzahn;2015_DE_wiec_Walpurgisnacht-Walpurgisnacht-in-Gorli,,Brandenburger Tor,FALSE,,obsidian://open?vault=Wszystko&file=2015_DE,500,15000,,,45000,50,,,,25500,,25500,6554,41,45,8,0
2016,20,demonstracja:6;festyn:5;kontra:5;korso:2;wiec:2,6,0,5,TRUE,5,2,3,FALSE,4,8,8,2,0,0,0,13,2,6,7,61700,60750,,950,14000,0.227,7,,,2016_DE_demonstracja_NPD,2015_DE_wiec_Walpurgisnacht-Walpurgisnacht-in-Gorli,Brandenburger Tor,FALSE,,obsidian://open?vault=Wszystko&file=2016_DE,900,14000,,,30000,50,,,250,16500,,16750,6091,59,42,0,0
2017,21,demonstracja:7;festyn:11;kontra:1;korso:2,7,0,11,TRUE,7,2,4,FALSE,4,3,3,0,0,0,0,13,7,7,3,74900,74250,,650,14000,0.187,8,AfD;Bärgida,NPD,2017_DE_demonstracja_Bargida;2017_DE_festyn_AfD,2016_DE_demonstracja_NPD;2016_DE_wiec_NPD-neu-hohenschonhausen,Brandenburger Tor,FALSE,,obsidian://open?vault=Wszystko&file=2017_DE,600,14000,,,45000,50,,,250,15000,,15250,6000,32,114,0,0
2018,15,demonstracja:4;festyn:9;korso:2,4,0,9,FALSE,4,2,2,FALSE,4,1,1,0,0,0,0,8,5,6,1,74730,74200,,530,9500,0.127,6,,Antinazi Berlin;Bärgida,,2017_DE_demonstracja_Bargida;2017_DE_kontra_Antinazi-Berlin,Brandenburger Tor,FALSE,,obsidian://open?vault=Wszystko&file=2018_DE,500,9500,,,52000,30,,,200,12500,,12700,5170,20,103,0,0
2019,17,demonstracja:5;festyn:8;korso:2;wiec:2,5,0,8,FALSE,5,2,3,FALSE,4,1,1,2,0,0,0,10,5,6,16,68800,68200,,600,13000,0.189,6,,,2019_DE_wiec_Walpurgisnacht-Weddinger-Walpurgisnacht,,Brandenburger Tor,FALSE,,obsidian://open?vault=Wszystko&file=2019_DE,500,13000,,,45000,100,,,200,10000,,10200,5500,39,150,0,0
