id,pole,przed,po,notatka
1991_PL_demonstracja_PPS_a,nazwa_wariantu,1991 PPS distributing leaflets along the route of the demonstration,1991_PL_kontra_PPS,
1990_PL_upamiętnienie_Brama-Stracen,aktor,,OPZZ_SdRP_Prezydent,"O 12, delegacje uczestników pochodu składają kwiaty (DT), Jaruzelski składa kwiaty w asyście wojskowej. Sam? (DT)"
1991_PL_upamiętnienie_Brama-Stracen,aktor,,OPZZ_SdRP,
1992_PL_upamiętnienie_Brama-Stracen,aktor,,UP_OPZZ_SdRP,
1993_PL_upamiętnienie_Brama-Stracen,aktor,,UP_OPZZ_SdRP,"delegacje SLD i OPZZ składają po wiecu kwiaty (DT), UP samodzielnie składa kwiaty o 11; zebrało się kilkadziesiąt osób (GW)"
1994_PL_upamiętnienie_Brama-Stracen,aktor,,UP_OPZZ_SdRP,"PPS udaje się w delegację do Bramy Straceń, gdzie składane są kwiaty (DT), Samodzielny wiec i składanie kwiatów przez UP (TVP)"
1995_PL_upamiętnienie_Brama-Stracen,aktor,,UP_OPZZ_SdRP,"po pochodzie, o 12 delegacje SLD i OPZZ składają kwiaty pod Cytadelą (DT), UP – odrębny wiec i składanie kwiatów (ŻW)"
1996_PL_upamiętnienie_Brama-Stracen,aktor,,UP_OPZZ_SdRP,"UP składa kwiaty o 11 (GW), Po manifestacji delegacje uczestników składają kwiaty (DT)"
1997_PL_upamiętnienie_Brama-Stracen,aktor,,UP_OPZZ_SdRP,Oddzielne uroczystości organizuje Unia Pracy. Unici zaczynają od złożenia wieńca przy Bramie Straceń o 11.  ... O 12 działacze SLD złożą wieńce pod Ścianą Straceń na stokach Cytadeli. Pół godziny później SdRP organizuje w swojej siedzibie konferencję prasową. GW 1997
1998_PL_upamiętnienie_Brama-Stracen,aktor,,UP_OPZZ_SdRP,"""Pod Cytadelą samodzielny wiec UP, połączony z ceremonią składania kwiatów (TVP), Delegacje """"lewicy"""" składają kwiaty pod Cytadelą przed pochodem (RP)"" 1999:	UP samodzielnie składa kwiaty. Podejrzewam, że możliwe, że później również SLD i OPZZ (DT)"
1999_PL_upamiętnienie_Brama-Stracen,aktor,,Unia Pracy,Rada Mazowiecka Unii Pracy zaprasza na 10:45 członków i sympatyków na ceremonię składania wieńców (DT)
2000_PL_upamiętnienie_Brama-Stracen,aktor,,UP_OPZZ_SdRP,"Przedstawiciele UP składają wieniec przed tablicą, i kwiaty na grobach samodzielnie, o 11. O 12 przedstawiciele SLD i OPZZ w tym samym miejscu (DT 2000)"
2001_PL_upamiętnienie_Brama-Stracen,aktor,,Unia Pracy,"(pewnie pierwsze, które nie jest do rozbicia wydarzenie) Po raz pierwszy w wiecu przy Cytadeli do UP dołączają przedstawiciele SLD i PPS (DT)."
2002_PL_upamiętnienie_Brama-Stracen,aktor,,Unia Pracy,"Wspólne składanie wieńców przez Millera, i Marka Belkę z UP. W delegacji również OPZZ (TVP)"
2003_PL_upamiętnienie_Brama-Stracen,aktor,,Unia Pracy,"elegacje OPZZ (i pewnie innych, tak jak UP) składają kwiaty (KZ)"
2004_PL_upamiętnienie_Brama-Stracen,aktor,,Unia Pracy,"Pochód zaczyna się o 9:30 – kiedy składanie wieńców? NA pewno była delegacja OPZZ, w jej składzie Wiesława Taranowska (NTP, KZ), Jeszcze przed pochodem Oleksy i Jaruga-Nowacka złożyli kwiaty pod Bramą Straceń Warszawskiej Cytadeli (DT, 4.05)"
2005_PL_upamiętnienie_Brama-Stracen,aktor,,Unia Pracy,Najpewniej UP sklada kwiaty na Cytadeli (skoro w 2006 było napisane że zgodnie z tradycją delegacja OPZZ tam jest)
2006_PL_upamiętnienie_Brama-Stracen,aktor,,Unia Pracy,delegacje OPZZ i NTP składają kwiaty (pewnie UP też) (NTP)
2007_PL_upamiętnienie_Brama-Stracen,aktor,,Unia Pracy,"brak informacji, najpewniej się odbyło"
2008_PL_upamiętnienie_Brama-Stracen,aktor,,Unia Pracy,"“Przed rozpoczęciem pochodu członkowie Unii Pracy, OPZZ i przedstawiciele innych organizacji lewicowych złożyli wieńce pod Bramą Straceń warszawskiej Cytadeli. Co roku 1 maja UP upamiętnia w ten sposób bojowników o wolność Polski, więzionych w murach Cytadeli w latach 1834-1918.” ([“Aby Polacy mogli godniej żyć”, 2008]"
2009_PL_upamiętnienie_Brama-Stracen,aktor,,Unia Pracy,"Gospodarzem UP, wśród gości ceremoni składania kwiatów OPZZ i SLD(TV SLD; PS),"
2010_PL_upamiętnienie_Brama-Stracen,aktor,,Unia Pracy,"UP i delegacja PPS, SdPL oraz OPZZ składają kwiaty pod Bramą Straceń (dzieje.pl)"
2011_PL_upamiętnienie_Brama-Stracen,aktor,,Unia Pracy,"delegacja UP z  PPS, OPZZ i SLD składa kwiaty (PS, Związkowiec)"
2012_PL_upamiętnienie_Brama-Stracen,aktor,,Unia Pracy,"delegacje UP i OPZZ (przegladsocjalistyczny.org), Jeszcze przed rozpoczęciem uroczystości przed budynkiem OPZZ, delegacje OPZZ złożyły wieńce przed miejscami pamięci, niezwykle ważnymi dla tożsamości związków zawodowych i lewicy w Polsce (KZ 63/2012)"
2013_PL_upamiętnienie_Brama-Stracen,aktor,,Unia Pracy,
2014_PL_upamiętnienie_Brama-Stracen,aktor,,Unia Pracy,
2015_PL_upamiętnienie_Brama-Stracen,aktor,,Unia Pracy,"Unia Pracy gospodarzem, delegacja OPZZ dda hołd ponad  60 tysięcy więźniom - bojowników o wyzwolenie narodowe i przemiany społeczne (opzz.org.pl archiwalne) 2016:	""""""Okolicznościowe przemówienia"""", składanie kwiatów. Pojawiają się delegacje SLD i OPZZ(uniapracy.org)"""
2016_PL_upamiętnienie_Brama-Stracen,aktor,,Unia Pracy,
2017_PL_upamiętnienie_Brama-Stracen,aktor,,Unia Pracy,"gospodarzem UP, gośćmi PPS i OPZZ (uniapracy.org)"
2018_PL_upamiętnienie_Brama-Stracen,aktor,,Unia Pracy,"delegacje UP, SLD i OPZZ składają kwiaty przed pochodem (Trybuna)"
2019_PL_upamiętnienie_Brama-Stracen,aktor,,UP_OPZZ,"wiec OPZZ i UP, następuje składanie wieńców (opzz.org.pl)"
1997_PL_upamiętnienie_Grob-Nieznanego-Zo-nierza,aktor,,SLD,
1996_PL_upamiętnienie_Kamien-Pamiatkowy-na-Placu-Grzybowskim,aktor,,PPS,
1997_PL_upamiętnienie_Kamien-Pamiatkowy-na-Placu-Grzybowskim,aktor,,PPS,
1998_PL_upamiętnienie_Kamien-Pamiatkowy-na-Placu-Grzybowskim,aktor,,PPS,
1999_PL_upamiętnienie_Kamien-Pamiatkowy-na-Placu-Grzybowskim,aktor,,PPS,
2000_PL_upamiętnienie_Kamien-Pamiatkowy-na-Placu-Grzybowskim,aktor,,PPS,
2001_PL_upamiętnienie_Kamien-Pamiatkowy-na-Placu-Grzybowskim,aktor,,PPS,
2002_PL_upamiętnienie_Kamien-Pamiatkowy-na-Placu-Grzybowskim,aktor,,PPS,
2003_PL_upamiętnienie_Kamien-Pamiatkowy-na-Placu-Grzybowskim,aktor,,PPS,
2004_PL_upamiętnienie_Kamien-Pamiatkowy-na-Placu-Grzybowskim,aktor,,PPS,
2005_PL_upamiętnienie_Kamien-Pamiatkowy-na-Placu-Grzybowskim,aktor,,PPS,"pochód NL Ikonowicza kończy się na placu Grzybowskim pod kamieniem, tam jest wieniec i flagi PPS (youtube)"
2006_PL_upamiętnienie_Kamien-Pamiatkowy-na-Placu-Grzybowskim,aktor,,PPS,"delegacje SLD i OPZZ składają kwiaty (NTP), pochód NL zakończył się złożeniem kwiatów (lewica.pl)"
2007_PL_upamiętnienie_Kamien-Pamiatkowy-na-Placu-Grzybowskim,aktor,,PPS,"""PPS i weterani lewicy składają kwiaty. (PS)  Z nimi kwiaty składali reprezentanci kilku różnych partii, min SLD SdPL i UP (DT), Drugie składanie kwiatów – Manifestanci (ok. 300 osób m. in. z Nowej Lewicy, Komunistycznej Partii Polski, Polskiej Partii Socjalistycznej, Pracowniczej Demokracji, Młodych Socjalistów) pod hasłami obrony świata pracy przed kapitalistycznym wyzyskiem przemaszerowali przez Śródmieście, skandowali hasła antywojenne i krytykowali politykę PiS (""""Kodeks pracy, a nie kodeks karny"""", """"Zdrowie prawem, nie towarem!"""") by w końcu na Placu Grzybowskim złożyć hołd bojowcom PPS poległym w walce z caratem (lewica.pl)"""
2008_PL_upamiętnienie_Kamien-Pamiatkowy-na-Placu-Grzybowskim,aktor,,PPS,
2009_PL_upamiętnienie_Kamien-Pamiatkowy-na-Placu-Grzybowskim,aktor,,PPS,
2011_PL_upamiętnienie_Kamien-Pamiatkowy-na-Placu-Grzybowskim,aktor,,PPS,
2012_PL_upamiętnienie_Kamien-Pamiatkowy-na-Placu-Grzybowskim,aktor,,PPS,
2013_PL_upamiętnienie_Kamien-Pamiatkowy-na-Placu-Grzybowskim,aktor,,PPS,
2014_PL_upamiętnienie_Kamien-Pamiatkowy-na-Placu-Grzybowskim,aktor,,PPS,
2015_PL_upamiętnienie_Kamien-Pamiatkowy-na-Placu-Grzybowskim,aktor,,PPS,
2016_PL_upamiętnienie_Kamien-Pamiatkowy-na-Placu-Grzybowskim,aktor,,PPS,
2017_PL_upamiętnienie_Kamien-Pamiatkowy-na-Placu-Grzybowskim,aktor,,PPS,
2018_PL_upamiętnienie_Kamien-Pamiatkowy-na-Placu-Grzybowskim,aktor,,PPS,
2019_PL_upamiętnienie_Kamien-Pamiatkowy-na-Placu-Grzybowskim,aktor,,PPS,"3 osobne ceremonie upamiętniające: 1. składanie kwiatów przez marsz lewicy radykalnej; nastepnie delegacje PPS, OPZZ i SLD; potem przdestawiciele partii Razem"
1990_PL_upamiętnienie_Monument-to-the-Heroes-of-Warsaw-Nike-Te,aktor,,OPZZ_SdRP,
1991_PL_upamiętnienie_Monument-to-the-Heroes-of-Warsaw-Nike-Te,aktor,,OPZZ_SdRP,
1992_PL_upamiętnienie_Monument-to-the-Heroes-of-Warsaw-Nike-Te,aktor,,OPZZ_SdRP,
1993_PL_upamiętnienie_Monument-to-the-Heroes-of-Warsaw-Nike-Te,aktor,,OPZZ_SdRP,
1994_PL_upamiętnienie_Monument-to-the-Heroes-of-Warsaw-Nike-Te,aktor,,OPZZ_SdRP,
1995_PL_upamiętnienie_Monument-to-the-Heroes-of-Warsaw-Nike-Te,aktor,,OPZZ_SdRP,
2019_PL_upamiętnienie_Pomnik-Ignacego-Daszynskiego-w-Warszawie,aktor,,SLD,
1997_PL_upamiętnienie_Pomnik-Jozefa-Pi-sudskiego,aktor,,PPS,
1994_PL_upamiętnienie_Pomnik-Kopernika,aktor,,PPS,
1994_PL_upamiętnienie_Pomnik-Kopernika,typ,upamiętnienie,wiec,
1996_PL_upamiętnienie_Pomnik-Kopernika,aktor,,PPS,
1996_PL_upamiętnienie_Pomnik-Kopernika,typ,upamiętnienie,wiec,
2000_PL_upamiętnienie_Pomnik-Kopernika,aktor,,PPS,
2000_PL_upamiętnienie_Pomnik-Kopernika,typ,upamiętnienie,wiec,
2012_PL_demonstracja_NIEZNANY,aktor,,KSS Ikonowicza,
1990_PL_demonstracja_PPS,aktor,PPS,PPS-RD/PPS-TKK/Anarchist,
2002_PL_demonstracja_NIEZNANY,aktor,,PPS,
2003_PL_demonstracja_NIEZNANY,aktor,,Nowa Lewica + Inicjatywa Stop Wojnie,
2003_PL_demonstracja_NIEZNANY_a,aktor,,Inicjatywa Stop Wojnie,
2004_PL_demonstracja_NIEZNANY,aktor,,Nowa Lewica,
2005_PL_demonstracja_NIEZNANY,aktor,,Nowa Lewica,
2006_PL_demonstracja_NIEZNANY,aktor,,Nowa Lewica,
2007_PL_demonstracja_NIEZNANY,aktor,,Nowa Lewica,
2008_PL_demonstracja_NIEZNANY,aktor,,Nowa Lewica,
2009_PL_demonstracja_NIEZNANY,aktor,,Nowa Lewica,
2010_PL_demonstracja_NIEZNANY,aktor,,Nowa Lewica,
2011_PL_demonstracja_NIEZNANY,aktor,,KSS Ikonowicza,
2013_PL_demonstracja_NIEZNANY,aktor,,KSS Ikonowicza,
2014_PL_demonstracja_NIEZNANY,aktor,,RSS Ikonowicza,
2015_PL_demonstracja_NIEZNANY,aktor,,RSS Ikonowicza,
2015_PL_demonstracja_NIEZNANY_a,aktor,,Zmiana,
2016_PL_demonstracja_NIEZNANY,aktor,,RSS / KPP / Partia Socjaliści / WSL,
2017_PL_demonstracja_NIEZNANY,aktor,,RSS / KPP / Partia Socjaliści / WSL,
2018_PL_demonstracja_NIEZNANY,aktor,,RSS / KPP / Partia Socjaliści / WSL,
2018_PL_demonstracja_NIEZNANY_a,aktor,,Feministki,typ mieszany: również trochę festyn i happening
2018_PL_demonstracja_NIEZNANY_a,typ,demonstracja,wiec,typ mieszany: również trochę festyn i happening
2019_PL_demonstracja_NIEZNANY,aktor,,Lewica_radykalna,
2008_PL_demonstracja_NIEZNANY_a,aktor,,Lewica_radykalna,
2008_PL_demonstracja_NIEZNANY_a,typ,demonstracja,wiec,
2009_PL_demonstracja_NIEZNANY_a,aktor,,Lewica_radykalna,
2009_PL_demonstracja_NIEZNANY_a,typ,demonstracja,wiec,
1990_PL_festyn_SdRP,typ,festyn,spotkanie,
1990_PL_festyn_NIEZNANY,aktor,,Trybuna Ludu,
2005_PL_festyn_NIEZNANY,aktor,,Lewica_radykalna,
1996_PL_festyn_NIEZNANY,aktor,,Prezydent,
1997_PL_festyn_NIEZNANY,aktor,,Prezydent,
1998_PL_festyn_NIEZNANY,aktor,,Prezydent,
1999_PL_festyn_NIEZNANY,aktor,,Prezydent,
2000_PL_festyn_NIEZNANY,aktor,,Prezydent,
2001_PL_festyn_NIEZNANY,aktor,,Prezydent,
2002_PL_festyn_NIEZNANY,aktor,,Prezydent,
2003_PL_festyn_NIEZNANY,aktor,,Prezydent,
2004_PL_festyn_NIEZNANY,aktor,,Prezydent,
2005_PL_festyn_NIEZNANY_a,aktor,,Prezydent,
2019_PL_festyn_OPZZ,aktor,OPZZ,SLD/OPZZ,
1995_PL_kontra_UP,aktor,UP,UPR,
1999_PL_kontra_PPS,aktor,PPS,Liga Republikańska,
2000_PL_happening_NIEZNANY,aktor,,Liga Republikańska,typ: happening
2003_PL_kontra_NIEZNANY,aktor,,Prawica,
2007_PL_happening_NIEZNANY,aktor,,Forum Liberalne,typ: happening
2007_PL_kontra_NIEZNANY,aktor,,LPR,
2009_PL_festyn_SLD,aktor,SLD,Falanga,
2009_PL_festyn_SLD,typ,festyn,kontra,
2009_PL_kontra_NIEZNANY,aktor,,ONR,
2018_PL_kontra_NIEZNANY,aktor,,Obywatele RP,
1990_PL_kontra_NIEZNANY,aktor,,Prawica,
1991_PL_kontra_NIEZNANY,aktor,,Prawica,
1992_PL_kontra_NIEZNANY,aktor,,Prawica,
1993_PL_kontra_NIEZNANY,aktor,,Prawica,
1994_PL_kontra_NIEZNANY,aktor,,Prawica,
1995_PL_kontra_NIEZNANY,aktor,,Prawica,
1997_PL_kontra_NIEZNANY,aktor,,Prawica,
1998_PL_kontra_NIEZNANY,aktor,,Prawica,
1999_PL_kontra_NIEZNANY,aktor,,Prawica,
2000_PL_kontra_NIEZNANY,aktor,,Prawica,
2001_PL_kontra_NIEZNANY,aktor,,Prawica,
2002_PL_kontra_NIEZNANY,aktor,,"Koliber, Młodzież Wszechpolska, Organizacja Młodej Polski",
1990_PL_demonstracja_NIEZNANY,aktor,,Prawica,
1990_PL_demonstracja_NIEZNANY,typ,demonstracja,spotkanie,
2004_PL_demonstracja_NIEZNANY_a,aktor,,LPR,
2012_PL_demonstracja_NIEZNANY_a,aktor,,Autonomiczni nacjonaliści,
2013_PL_demonstracja_NIEZNANY_a,aktor,,Autonomiczni nacjonaliści,
2014_PL_demonstracja_NIEZNANY_a,aktor,,Autonomiczni nacjonaliści,
2014_PL_happening_NIEZNANY,aktor,,Ruch Narodowy,typ: happening
2015_PL_demonstracja_NIEZNANY_b,aktor,,Szturmowcy,
2016_PL_demonstracja_UP,aktor,UP,Szturmowcy,
2018_PL_demonstracja_NIEZNANY_b,aktor,,Szturmowcy,
2019_PL_demonstracja_NIEZNANY_a,aktor,,KORWiN,
1990_PL_wiec_Wizyta-Wojciecha-Jaruzelskiego-w-elektro,aktor,,Prezydent,
1990_PL_wiec_Wizyta-Wojciecha-Jaruzelskiego-w-elektro,typ,wiec,spotkanie,
1998_PL_wiec_Niebieska-Alternatywa-Kapitalizm-jest-li,aktor,,Młodzi demokraci,nowy typ: happening?
1998_PL_wiec_Niebieska-Alternatywa-Kapitalizm-jest-li,typ,wiec,happening,nowy typ: happening?
2012_PL_wiec_Kongres-za-ozycielski-partii-Palikota-Ko,aktor,,Ruch Palikota,
2012_PL_wiec_Kongres-za-ozycielski-partii-Palikota-Ko,typ,wiec,spotkanie,
2013_PL_festyn_NIEZNANY,aktor,,Prezydent,
2014_PL_festyn_NIEZNANY,aktor,,Prezydent,
2015_PL_festyn_NIEZNANY,aktor,,Prezydent,
2016_PL_festyn_NIEZNANY,aktor,,Muzeum Łazienki Królewskie,
2017_PL_festyn_NIEZNANY,aktor,,Muzeum Łazienki Królewskie,
2018_PL_festyn_NIEZNANY,aktor,,Muzeum Łazienki Królewskie,
2019_PL_festyn_NIEZNANY,aktor,,Muzeum Łazienki Królewskie,
2019_PL_festyn_NIEZNANY_a,aktor,,Miasto,
2019_PL_festyn_NIEZNANY_b,aktor,,Miasto,
1990_DE_wiec_Walpurgisnacht-Walpurgisnacht,typ,wiec,festyn,
1996_DE_wiec_Walpurgisnacht-Walpurgisnacht-at-Kollwitzplatz,typ,wiec,festyn,
1999_DE_wiec_Walpurgisnacht-Walpurginsnacht,typ,wiec,festyn,
2001_DE_wiec_Walpurgisnacht-Walpurgisnacht-Spontane-Street-Party,typ,wiec,festyn,
1998_DE_wiec_Walpurgisnacht-Freiheit-ist-immer-auch-die-Freiheit-des,typ,wiec,demonstracja,
1990_DE_demonstracja_PDS,aktor,PDS,East_Autonomen,
1992_DE_wiec_PDS,aktor,PDS,East_Autonomen,
1992_DE_wiec_PDS,typ,wiec,demonstracja,
1993_DE_wiec_PDS,aktor,PDS,East_Autonomen,
1993_DE_wiec_PDS,typ,wiec,demonstracja,
1992_DE_demonstracja_PDS_a,aktor,PDS,BKG,
2010_DE_demonstracja_NIEZNANY,aktor,,NPD,
1993_DE_kontra_Antifa,aktor,Antifa,Antinazi Berlin,
1994_DE_kontra_FAP,aktor,FAP,Antinazi Berlin,
2000_DE_festyn_NIEZNANY,aktor,,PDS_Antinazi,festyn w kontrze do nazistów
2002_DE_kontra_NIEZNANY,aktor,,Antinazi Berlin,
2002_DE_kontra_NIEZNANY_a,aktor,,Antinazi Berlin,
2003_DE_demonstracja_NIEZNANY,aktor,,Antinazi Berlin,
2003_DE_demonstracja_NIEZNANY,typ,demonstracja,kontra,
2004_DE_kontra_Antifa,aktor,Antifa,Antinazi Berlin,
2009_DE_kontra_SPD,aktor,SPD,Antinazi Berlin_SPD,
2010_DE_demonstracja_NIEZNANY_a,aktor,,Antinazi Berlin,
2010_DE_demonstracja_NIEZNANY_b,aktor,,Antinazi Berlin,
2010_DE_demonstracja_NIEZNANY_b,typ,demonstracja,kontra,
2010_DE_kontra_NPD,aktor,NPD,Antinazi Berlin,
2013_DE_demonstracja_NIEZNANY,aktor,,Antinazi Berlin,
2013_DE_demonstracja_NIEZNANY,typ,demonstracja,kontra,
2002_DE_kontra_NPD,aktor,NPD,Antinazi Berlin,
2015_DE_kontra_NPD,aktor,NPD,Antinazi Berlin,
2016_DE_wiec_NIEZNANY,aktor,,Antinazi Berlin,
2016_DE_wiec_NIEZNANY,typ,wiec,kontra,
2016_DE_wiec_NIEZNANY_a,aktor,,Antinazi Berlin,
2016_DE_wiec_NIEZNANY_a,typ,wiec,kontra,
2016_DE_wiec_NIEZNANY_b,aktor,,Antinazi Berlin,
2016_DE_wiec_NIEZNANY_b,typ,wiec,kontra,
2016_DE_wiec_NIEZNANY_c,aktor,,Antinazi Berlin,
2016_DE_wiec_NIEZNANY_c,typ,wiec,kontra,
2016_DE_wiec_Grune,aktor,Grüne,Antinazi Berlin,
2016_DE_wiec_Grune,typ,wiec,kontra,
2017_DE_wiec_NIEZNANY,aktor,,Antinazi Berlin,
2017_DE_wiec_NIEZNANY,typ,wiec,kontra,
1990_DE_demonstracja_DGB_a,aktor,DGB,IG Metall,
1991_DE_demonstracja_DGB_b,aktor,DGB,IG Metall,
1992_DE_demonstracja_DGB_b,aktor,DGB,IG Metall,
1994_DE_demonstracja_DGB,aktor,DGB,IG Metall,
1993_DE_demonstracja_DGB,aktor,DGB,IG Metall,
1996_DE_demonstracja_DGB,aktor,DGB,DGB Jugend,
1996_DE_demonstracja_DGB_c,aktor,DGB,IG Metall,
1997_DE_demonstracja_DGB_b,aktor,DGB,IG Metall,
1998_DE_demonstracja_DGB_a,aktor,DGB,IG Metall,
1999_DE_demonstracja_DGB_a,aktor,DGB,IG Metall,
2000_DE_demonstracja_DGB,aktor,DGB,IG Metall,
2001_DE_demonstracja_DGB,aktor,DGB,IG Metall,
1996_DE_demonstracja_DGB_d,aktor,DGB,ÖTV,
1997_DE_demonstracja_DGB_c,aktor,DGB,ÖTV,
1998_DE_demonstracja_DGB_b,aktor,DGB,ÖTV,
1999_DE_demonstracja_DGB_b,aktor,DGB,ÖTV,
2000_DE_demonstracja_DGB_a,aktor,DGB,ÖTV,
2001_DE_demonstracja_DGB_a,aktor,DGB,ÖTV,
2005_DE_demonstracja_DGB_a,typ,demonstracja,korso,
2006_DE_demonstracja_DGB_a,typ,demonstracja,korso,
2007_DE_demonstracja_DGB_a,typ,demonstracja,korso,
1994_DE_demonstracja_R1M_a,nazwa_wariantu,1994 KDB/RZ Demo,1994 KDB/RZ Demo,
2026_DE_wiec_b-Gorlitzer-Park-Free-Gorli-Rave-against,typ,wiec,festyn,
2026_DE_wiec_b-Treptower-Park-Puschkinallee-ganztagig,typ,wiec,festyn,
2014_DE_wiec_1st-of-May-Rave-Gorli,typ,wiec,festyn,
2015_DE_wiec_1st-of-May-Rave-Gorli,typ,wiec,festyn,
2016_DE_wiec_1st-of-May-Rave-Gorli,typ,wiec,festyn,
2017_DE_wiec_1st-of-May-Rave-Gorli,typ,wiec,festyn,
1996_DE_demonstracja_Graue-Panther,aktor,,Graue Panther,
1997_DE_wiec_Obdachlose-Iniativen-Treffe,aktor,,Obdachlose Initativen,
2000_DE_wiec_Wreath-laying-by-delegation-of-Russian-e,typ,wiec,upamiętnienie,
2002_DE_wiec_KPD-RZ,aktor,,KPD/RZ,typ: happening
2002_DE_wiec_KPD-RZ,typ,wiec,happening,typ: happening
2005_DE_demonstracja_FAU-Du-Hast-eine-Wurde-Verteidige-Sie,aktor,,FAU,
2026_DE_wiec_Fur-den-Erhalt-von-kunsterlischer-Arbeit,typ,wiec,festyn,
2011_DE_demonstracja_FAU-Spaziergang-gegen-Leiharbeit,aktor,,FAU,
2006_DE_wiec_Jungen-Liberalen-Protest,aktor,,Jungen Liberalen,
2006_DE_wiec_Jungen-Liberalen-Protest,typ,wiec,demonstracja,
1992_DE_festyn_LSBT-Fest,aktor,,LSBT Gruppen,
2018_DE_wiec_MaiGorli,typ,wiec,festyn,
1994_DE_demonstracja_Demokraten-fur-Deutschland-Vollendung-de,aktor,,Demokraten für Deutschland,
