rok,berlin,berlin_alt,regiony,regiony_alt,berlin_plus_regiony,zrodlo_berlin,uwagi
1990,50000,,,,,organizatorzy,Wspólny wiec FDGB/DGB na Placu Republiki
1991,30000,,3000,,33000,organizatorzy,
1992,25000,,11550,,36550,Vorlage GLBV 4.05.1992,
1993,20000,,5700,,25700,Geschäftsbericht,
1994,8000,,,,,DGBG664,
1995,10000,6000,,,,DGBG664,Alt. 6 000: rocznik 1995 – źródło niejasne
1996,,10000,,,44400,organizatorzy (44 400 razem),Alt. 10 000: rocznik 1996 (średnia) – niespójne z resztą serii; nieużyte
1997,25000,5000,,,,DGBG1329 (organizatorzy),ROZBIEŻNOŚĆ: prasa ~5 000 na Alexanderplatz; użyte 25 000 od organizatorów
1998,17500,15000,8000,,25500,DGBG1327 (przedział 15–20 tys.; środek),
1999,15000,,,,,DGB (za Berliner Zeitung 3.05),
2000,18000,12000,,,,Tagesspiegel (organizatorzy),Alt. 12 000: DGBAI3702
2001,,,,,,,Centralny wiec Landesverband w Cottbus – bez liczb
2002,25000,,22100,,47100,Tagesspiegel (organizatorzy),
2003,20000,,18500,,38500,TAZ 2.05 s.21 (organizatorzy),
2004,25000,20000,14550,,39550,Die Welt 3.05 / Hamburger Abendblatt 3.05,Alt. 20 000: rocznik 2004
2005,12000,,12100,15100,24100,rocznik 2005 (DGBBerlinBrandenburg12005),ROZBIEŻNOŚĆ regionów 12 100 vs 15 100
2006,25000,17000,15400,,40400,Geschäftsbericht,Alt. 17 000: Petra Pau / Berliner Zeitung; rocznik: ~10 000 w pochodzie
2007,12000,,15300,,27300,Geschäftsbericht,
2008,20000,,14800,,34800,Geschäftsbericht,
2009,18000,20000,18900,,36900,Geschäftsbericht,Alt. 20 000: TAZ liveticker
2010,12000,6000,,,,Tagesspiegel (organizatorzy),Alt. 6 000: rocznik 2010 – demo przez Mitte (nie wiec)
2011,10000,15000,,,,Berliner Morgenpost (organizatorzy),Alt. 15 000: rbb
2012,15000,,,,,DGB BB,Rocznik: 12–15 tys. pod Bramą Brandenburską
2013,,,,,,,Brak danych
2014,,,,,,,Brak danych
2015,15000,,,,,rbb (za DGB),Rocznik: ~3 000 w pochodzie przez Mitte (część)
2016,14000,,16000,,30000,TAZ liveticker 1.05 (organizatorzy),
2017,14000,,16000,,30000,BZ / DGB BB (organizatorzy),
2018,14000,,19000,,33000,Neues Deutschland (organizatorzy),
2019,13000,,20000,,33000,DGB online,
